/*
 Navicat Premium Data Transfer

 Source Server         : localhost
 Source Server Type    : MySQL
 Source Server Version : 100904
 Source Host           : localhost:3306
 Source Schema         : spring_boot_activiti

 Target Server Type    : MySQL
 Target Server Version : 100904
 File Encoding         : 65001

 Date: 07/12/2023 14:26:17
*/

SET NAMES utf8mb4;
SET FOREIGN_KEY_CHECKS = 0;

-- ----------------------------
-- Table structure for act_evt_log
-- ----------------------------
DROP TABLE IF EXISTS `act_evt_log`;
CREATE TABLE `act_evt_log` (
  `LOG_NR_` bigint(20) NOT NULL AUTO_INCREMENT,
  `TYPE_` varchar(64) DEFAULT NULL,
  `PROC_DEF_ID_` varchar(64) DEFAULT NULL COMMENT '流程定义ID',
  `PROC_INST_ID_` varchar(64) DEFAULT NULL COMMENT '流程实例Id',
  `EXECUTION_ID_` varchar(64) DEFAULT NULL COMMENT '执行实例ID',
  `TASK_ID_` varchar(64) DEFAULT NULL,
  `TIME_STAMP_` timestamp NOT NULL DEFAULT current_timestamp() ON UPDATE current_timestamp(),
  `USER_ID_` varchar(255) DEFAULT NULL,
  `DATA_` longblob DEFAULT NULL,
  `LOCK_OWNER_` varchar(255) DEFAULT NULL,
  `LOCK_TIME_` timestamp NULL DEFAULT NULL,
  `IS_PROCESSED_` tinyint(4) DEFAULT 0,
  PRIMARY KEY (`LOG_NR_`)
) ENGINE=InnoDB DEFAULT CHARSET=utf8mb3 COLLATE=utf8mb3_bin COMMENT='流程引擎通用事件日志记录表';

-- ----------------------------
-- Records of act_evt_log
-- ----------------------------
BEGIN;
COMMIT;

-- ----------------------------
-- Table structure for act_ge_bytearray
-- ----------------------------
DROP TABLE IF EXISTS `act_ge_bytearray`;
CREATE TABLE `act_ge_bytearray` (
  `ID_` varchar(64) NOT NULL COMMENT '主键',
  `REV_` int(11) DEFAULT NULL COMMENT '版本号',
  `NAME_` varchar(255) DEFAULT NULL COMMENT '部署的文件名称,mail.bpmn、mail.png 、mail.bpmn20.xml',
  `DEPLOYMENT_ID_` varchar(64) DEFAULT NULL COMMENT '来自于父表ACT_RE_DEPLOYMENT的主键,部署的ID',
  `BYTES_` longblob DEFAULT NULL COMMENT '大文本类型，存储文本字节流',
  `GENERATED_` tinyint(4) DEFAULT NULL COMMENT '是否是引擎生成,0为用户生成,1为Activiti生成',
  PRIMARY KEY (`ID_`),
  KEY `ACT_FK_BYTEARR_DEPL` (`DEPLOYMENT_ID_`),
  CONSTRAINT `ACT_FK_BYTEARR_DEPL` FOREIGN KEY (`DEPLOYMENT_ID_`) REFERENCES `act_re_deployment` (`ID_`)
) ENGINE=InnoDB DEFAULT CHARSET=utf8mb3 COLLATE=utf8mb3_bin COMMENT='通用的流程定义和流程资源表';

-- ----------------------------
-- Records of act_ge_bytearray
-- ----------------------------
BEGIN;
INSERT INTO `act_ge_bytearray` (`ID_`, `REV_`, `NAME_`, `DEPLOYMENT_ID_`, `BYTES_`, `GENERATED_`) VALUES ('4e0c2be9-8d04-11ee-86fd-a668574e0bdd', 1, 'source', NULL, 0x7B22626F756E6473223A7B226C6F7765725269676874223A7B2278223A313438352E302C2279223A3730302E307D2C2275707065724C656674223A7B2278223A302E302C2279223A302E307D7D2C227265736F757263654964223A2263616E766173222C227374656E63696C223A7B226964223A2242504D4E4469616772616D227D2C227374656E63696C736574223A7B226E616D657370616365223A22687474703A2F2F62336D6E2E6F72672F7374656E63696C7365742F62706D6E322E3023222C2275726C223A222E2E2F656469746F722F7374656E63696C736574732F62706D6E322E302F62706D6E322E302E6A736F6E227D2C2270726F70657274696573223A7B2270726F636573735F6964223A226C656176652D6170706C79222C226E616D65223A22E8AFB7E58187E794B3E8AFB7222C2270726F636573735F6E616D657370616365223A22687474703A2F2F7777772E61637469766974692E6F72672F70726F63657373646566222C226D65737361676573223A5B5D2C22657865637574696F6E6C697374656E657273223A7B22657865637574696F6E4C697374656E657273223A5B5D7D2C226576656E746C697374656E657273223A7B226576656E744C697374656E657273223A5B5D7D2C227369676E616C646566696E6974696F6E73223A5B5D2C226D657373616765646566696E6974696F6E73223A5B5D7D2C226368696C64536861706573223A5B7B22626F756E6473223A7B226C6F7765725269676874223A7B2278223A3130352E302C2279223A3130302E307D2C2275707065724C656674223A7B2278223A37352E302C2279223A37302E307D7D2C227265736F757263654964223A227369642D31613466316234332D653733372D343366662D383633362D306465346330623135303635222C226368696C64536861706573223A5B5D2C227374656E63696C223A7B226964223A2253746172744E6F6E654576656E74227D2C2270726F70657274696573223A7B226F766572726964656964223A227369642D31613466316234332D653733372D343366662D383633362D306465346330623135303635222C226E616D65223A22E5BC80E5A78B222C22657865637574696F6E6C697374656E657273223A7B22657865637574696F6E4C697374656E657273223A5B5D7D7D2C226F7574676F696E67223A5B7B227265736F757263654964223A227369642D64646332623264652D306239652D343231612D396338392D636166313565313332613332227D5D7D2C7B22626F756E6473223A7B226C6F7765725269676874223A7B2278223A3236352E302C2279223A3132352E307D2C2275707065724C656674223A7B2278223A3136352E302C2279223A34352E307D7D2C227265736F757263654964223A227369642D32633466376333322D343066612D346635312D393334302D383561663765653337653136222C226368696C64536861706573223A5B5D2C227374656E63696C223A7B226964223A22557365725461736B227D2C2270726F70657274696573223A7B226F766572726964656964223A227369642D32633466376333322D343066612D346635312D393334302D383561663765653337653136222C226E616D65223A22E5889BE5BBBAE794B3E8AFB7222C22757365727461736B61737369676E6D656E74223A7B2261737369676E6D656E74223A7B2274797065223A22737461746963222C2261737369676E6565223A22247B61737369676E6565307D227D7D2C226173796E6368726F6E6F7573646566696E6974696F6E223A66616C73652C226578636C7573697665646566696E6974696F6E223A747275652C227461736B6C697374656E657273223A7B227461736B4C697374656E657273223A5B5D7D2C22657865637574696F6E6C697374656E657273223A7B22657865637574696F6E4C697374656E657273223A5B5D7D7D2C226F7574676F696E67223A5B7B227265736F757263654964223A227369642D34333136336337302D306533342D343463632D613431372D376362383461373236643963227D5D7D2C7B22626F756E6473223A7B226C6F7765725269676874223A7B2278223A3431352E302C2279223A3132352E307D2C2275707065724C656674223A7B2278223A3331352E302C2279223A34352E307D7D2C227265736F757263654964223A227369642D31383634373335332D373531322D343530632D616139382D663764653438623162373432222C226368696C64536861706573223A5B5D2C227374656E63696C223A7B226964223A22557365725461736B227D2C2270726F70657274696573223A7B226F766572726964656964223A227369642D31383634373335332D373531322D343530632D616139382D663764653438623162373432222C226E616D65223A22E983A8E997A8E5AEA1E689B9222C22757365727461736B61737369676E6D656E74223A7B2261737369676E6D656E74223A7B2274797065223A22737461746963222C2261737369676E6565223A22247B61737369676E6565317D227D7D2C226173796E6368726F6E6F7573646566696E6974696F6E223A66616C73652C226578636C7573697665646566696E6974696F6E223A747275652C227461736B6C697374656E657273223A7B227461736B4C697374656E657273223A5B5D7D2C22657865637574696F6E6C697374656E657273223A7B22657865637574696F6E4C697374656E657273223A5B5D7D7D2C226F7574676F696E67223A5B7B227265736F757263654964223A227369642D63376635323132332D323463662D346636632D626662372D653739623331313734633365227D5D7D2C7B22626F756E6473223A7B226C6F7765725269676874223A7B2278223A3638352E302C2279223A3132352E307D2C2275707065724C656674223A7B2278223A3538352E302C2279223A34352E307D7D2C227265736F757263654964223A227369642D37333230363839632D633936612D343732312D393566662D363061623639343431316363222C226368696C64536861706573223A5B5D2C227374656E63696C223A7B226964223A22557365725461736B227D2C2270726F70657274696573223A7B226F766572726964656964223A227369642D37333230363839632D633936612D343732312D393566662D363061623639343431316363222C226E616D65223A22E9A286E5AFBCE5AEA1E689B9222C22757365727461736B61737369676E6D656E74223A7B2261737369676E6D656E74223A7B2274797065223A22737461746963222C2261737369676E6565223A22247B61737369676E6565327D227D7D2C226173796E6368726F6E6F7573646566696E6974696F6E223A66616C73652C226578636C7573697665646566696E6974696F6E223A747275652C227461736B6C697374656E657273223A7B227461736B4C697374656E657273223A5B5D7D2C22657865637574696F6E6C697374656E657273223A7B22657865637574696F6E4C697374656E657273223A5B5D7D7D2C226F7574676F696E67223A5B7B227265736F757263654964223A227369642D34653666383434652D396538382D343534382D623963352D613738656362316435326465227D5D7D2C7B22626F756E6473223A7B226C6F7765725269676874223A7B2278223A3931332E302C2279223A3230382E307D2C2275707065724C656674223A7B2278223A3838352E302C2279223A3138302E307D7D2C227265736F757263654964223A227369642D31613466316234332D653733372D343366662D383633362D306465346330623135303634222C226368696C64536861706573223A5B5D2C227374656E63696C223A7B226964223A22456E644E6F6E654576656E74227D2C2270726F70657274696573223A7B226F766572726964656964223A227369642D31613466316234332D653733372D343366662D383633362D306465346330623135303634222C226E616D65223A22E7BB93E69D9F222C22657865637574696F6E6C697374656E657273223A7B22657865637574696F6E4C697374656E657273223A5B5D7D7D2C226F7574676F696E67223A5B5D7D2C7B22626F756E6473223A7B226C6F7765725269676874223A7B2278223A3737352E302C2279223A3130352E307D2C2275707065724C656674223A7B2278223A3733352E302C2279223A36352E307D7D2C227265736F757263654964223A227369642D39443542454533352D434546362D343233422D423944412D354138464437464144304235222C226368696C64536861706573223A5B5D2C227374656E63696C223A7B226964223A224578636C757369766547617465776179227D2C2270726F70657274696573223A7B226F766572726964656964223A227369642D39443542454533352D434546362D343233422D423944412D354138464437464144304235222C22657865637574696F6E6C697374656E657273223A7B22657865637574696F6E4C697374656E657273223A5B5D7D7D2C226F7574676F696E67223A5B7B227265736F757263654964223A227369642D33463942334136372D353533362D343531362D423341312D394546383345443539303043227D2C7B227265736F757263654964223A227369642D38314630313334342D304631322D343139322D423839302D304246313438353830463130227D5D7D2C7B22626F756E6473223A7B226C6F7765725269676874223A7B2278223A3530352E302C2279223A3130352E307D2C2275707065724C656674223A7B2278223A3436352E302C2279223A36352E307D7D2C227265736F757263654964223A227369642D34333131454131432D433346362D343839382D414342372D334531343730453937384445222C226368696C64536861706573223A5B5D2C227374656E63696C223A7B226964223A224578636C757369766547617465776179227D2C2270726F70657274696573223A7B226F766572726964656964223A227369642D34333131454131432D433346362D343839382D414342372D334531343730453937384445222C22657865637574696F6E6C697374656E657273223A7B22657865637574696F6E4C697374656E657273223A5B5D7D7D2C226F7574676F696E67223A5B7B227265736F757263654964223A227369642D38374139444446412D433830362D344239362D383930302D383542414537343444314243227D2C7B227265736F757263654964223A227369642D46323637384431432D454532462D344130372D383739372D353341444241343546384331227D5D7D2C7B22626F756E6473223A7B226C6F7765725269676874223A7B2278223A3137322E302C2279223A3231322E307D2C2275707065724C656674223A7B2278223A3132382E302C2279223A3231322E307D7D2C227265736F757263654964223A227369642D34333136336337302D306533342D343463632D613431372D376362383461373236643963222C226368696C64536861706573223A5B5D2C227374656E63696C223A7B226964223A2253657175656E6365466C6F77227D2C22646F636B657273223A5B7B2278223A35302E302C2279223A34302E307D2C7B2278223A35302E302C2279223A34302E307D5D2C226F7574676F696E67223A5B7B227265736F757263654964223A227369642D31383634373335332D373531322D343530632D616139382D663764653438623162373432227D5D2C22746172676574223A7B227265736F757263654964223A227369642D31383634373335332D373531322D343530632D616139382D663764653438623162373432227D2C2270726F70657274696573223A7B226F766572726964656964223A227369642D34333136336337302D306533342D343463632D613431372D376362383461373236643963227D7D2C7B22626F756E6473223A7B226C6F7765725269676874223A7B2278223A3137322E302C2279223A3231322E307D2C2275707065724C656674223A7B2278223A3132382E302C2279223A3231322E307D7D2C227265736F757263654964223A227369642D34653666383434652D396538382D343534382D623963352D613738656362316435326465222C226368696C64536861706573223A5B5D2C227374656E63696C223A7B226964223A2253657175656E6365466C6F77227D2C22646F636B657273223A5B7B2278223A35302E302C2279223A34302E307D2C7B2278223A32302E302C2279223A32302E307D5D2C226F7574676F696E67223A5B7B227265736F757263654964223A227369642D39443542454533352D434546362D343233422D423944412D354138464437464144304235227D5D2C22746172676574223A7B227265736F757263654964223A227369642D39443542454533352D434546362D343233422D423944412D354138464437464144304235227D2C2270726F70657274696573223A7B226F766572726964656964223A227369642D34653666383434652D396538382D343534382D623963352D613738656362316435326465227D7D2C7B22626F756E6473223A7B226C6F7765725269676874223A7B2278223A3137322E302C2279223A3231322E307D2C2275707065724C656674223A7B2278223A3132382E302C2279223A3231322E307D7D2C227265736F757263654964223A227369642D63376635323132332D323463662D346636632D626662372D653739623331313734633365222C226368696C64536861706573223A5B5D2C227374656E63696C223A7B226964223A2253657175656E6365466C6F77227D2C22646F636B657273223A5B7B2278223A35302E302C2279223A34302E307D2C7B2278223A32302E302C2279223A32302E307D5D2C226F7574676F696E67223A5B7B227265736F757263654964223A227369642D34333131454131432D433346362D343839382D414342372D334531343730453937384445227D5D2C22746172676574223A7B227265736F757263654964223A227369642D34333131454131432D433346362D343839382D414342372D334531343730453937384445227D2C2270726F70657274696573223A7B226F766572726964656964223A227369642D63376635323132332D323463662D346636632D626662372D653739623331313734633365227D7D2C7B22626F756E6473223A7B226C6F7765725269676874223A7B2278223A3137322E302C2279223A3231322E307D2C2275707065724C656674223A7B2278223A3132382E302C2279223A3231322E307D7D2C227265736F757263654964223A227369642D33463942334136372D353533362D343531362D423341312D394546383345443539303043222C226368696C64536861706573223A5B5D2C227374656E63696C223A7B226964223A2253657175656E6365466C6F77227D2C22646F636B657273223A5B7B2278223A32302E302C2279223A32302E307D2C7B2278223A3735372E302C2279223A3139342E307D2C7B2278223A31342E302C2279223A31342E307D5D2C226F7574676F696E67223A5B7B227265736F757263654964223A227369642D31613466316234332D653733372D343366662D383633362D306465346330623135303634227D5D2C22746172676574223A7B227265736F757263654964223A227369642D31613466316234332D653733372D343366662D383633362D306465346330623135303634227D2C2270726F70657274696573223A7B226F766572726964656964223A227369642D33463942334136372D353533362D343531362D423341312D394546383345443539303043222C226E616D65223A22E9A9B3E59B9E222C22636F6E646974696F6E73657175656E6365666C6F77223A22247B7374617475733D3D327D227D7D2C7B22626F756E6473223A7B226C6F7765725269676874223A7B2278223A3137322E302C2279223A3231322E307D2C2275707065724C656674223A7B2278223A3132382E302C2279223A3231322E307D7D2C227265736F757263654964223A227369642D38374139444446412D433830362D344239362D383930302D383542414537343444314243222C226368696C64536861706573223A5B5D2C227374656E63696C223A7B226964223A2253657175656E6365466C6F77227D2C22646F636B657273223A5B7B2278223A32302E302C2279223A32302E307D2C7B2278223A35302E302C2279223A34302E307D5D2C226F7574676F696E67223A5B7B227265736F757263654964223A227369642D37333230363839632D633936612D343732312D393566662D363061623639343431316363227D5D2C22746172676574223A7B227265736F757263654964223A227369642D37333230363839632D633936612D343732312D393566662D363061623639343431316363227D2C2270726F70657274696573223A7B226F766572726964656964223A227369642D38374139444446412D433830362D344239362D383930302D383542414537343444314243222C226E616D65223A22E5908CE6848F222C22636F6E646974696F6E73657175656E6365666C6F77223A22247B7374617475733D3D317D227D7D2C7B22626F756E6473223A7B226C6F7765725269676874223A7B2278223A3137322E302C2279223A3231322E307D2C2275707065724C656674223A7B2278223A3132382E302C2279223A3231322E307D7D2C227265736F757263654964223A227369642D64646332623264652D306239652D343231612D396338392D636166313565313332613332222C226368696C64536861706573223A5B5D2C227374656E63696C223A7B226964223A2253657175656E6365466C6F77227D2C22646F636B657273223A5B7B2278223A31352E302C2279223A31352E307D2C7B2278223A35302E302C2279223A34302E307D5D2C226F7574676F696E67223A5B7B227265736F757263654964223A227369642D32633466376333322D343066612D346635312D393334302D383561663765653337653136227D5D2C22746172676574223A7B227265736F757263654964223A227369642D32633466376333322D343066612D346635312D393334302D383561663765653337653136227D2C2270726F70657274696573223A7B226F766572726964656964223A227369642D64646332623264652D306239652D343231612D396338392D636166313565313332613332227D7D2C7B22626F756E6473223A7B226C6F7765725269676874223A7B2278223A3137322E302C2279223A3231322E307D2C2275707065724C656674223A7B2278223A3132382E302C2279223A3231322E307D7D2C227265736F757263654964223A227369642D38314630313334342D304631322D343139322D423839302D304246313438353830463130222C226368696C64536861706573223A5B5D2C227374656E63696C223A7B226964223A2253657175656E6365466C6F77227D2C22646F636B657273223A5B7B2278223A32302E302C2279223A32302E307D2C7B2278223A3839392E302C2279223A38342E307D2C7B2278223A31342E302C2279223A31342E307D5D2C226F7574676F696E67223A5B7B227265736F757263654964223A227369642D31613466316234332D653733372D343366662D383633362D306465346330623135303634227D5D2C22746172676574223A7B227265736F757263654964223A227369642D31613466316234332D653733372D343366662D383633362D306465346330623135303634227D2C2270726F70657274696573223A7B226F766572726964656964223A227369642D38314630313334342D304631322D343139322D423839302D304246313438353830463130222C226E616D65223A22E5908CE6848F222C22636F6E646974696F6E73657175656E6365666C6F77223A22247B7374617475733D3D317D227D7D2C7B22626F756E6473223A7B226C6F7765725269676874223A7B2278223A3137322E302C2279223A3231322E307D2C2275707065724C656674223A7B2278223A3132382E302C2279223A3231322E307D7D2C227265736F757263654964223A227369642D46323637384431432D454532462D344130372D383739372D353341444241343546384331222C226368696C64536861706573223A5B5D2C227374656E63696C223A7B226964223A2253657175656E6365466C6F77227D2C22646F636B657273223A5B7B2278223A32302E302C2279223A32302E307D2C7B2278223A3438352E302C2279223A3139342E307D2C7B2278223A31342E302C2279223A31342E307D5D2C226F7574676F696E67223A5B7B227265736F757263654964223A227369642D31613466316234332D653733372D343366662D383633362D306465346330623135303634227D5D2C22746172676574223A7B227265736F757263654964223A227369642D31613466316234332D653733372D343366662D383633362D306465346330623135303634227D2C2270726F70657274696573223A7B226F766572726964656964223A227369642D46323637384431432D454532462D344130372D383739372D353341444241343546384331222C226E616D65223A22E9A9B3E59B9E222C22636F6E646974696F6E73657175656E6365666C6F77223A22247B7374617475733D3D327D227D7D5D7D, NULL);
INSERT INTO `act_ge_bytearray` (`ID_`, `REV_`, `NAME_`, `DEPLOYMENT_ID_`, `BYTES_`, `GENERATED_`) VALUES ('678d4320-8cee-11ee-963e-a668574e0bdd', 9, 'source', NULL, 0x7B227265736F757263654964223A2236373839373238662D386365652D313165652D393633652D613636383537346530626464222C2270726F70657274696573223A7B2270726F636573735F6964223A226576656374696F6E2D6170706C79222C226E616D65223A22E587BAE5B7AEE794B3E8AFB7222C22646F63756D656E746174696F6E223A22222C2270726F636573735F617574686F72223A22222C2270726F636573735F76657273696F6E223A22222C2270726F636573735F6E616D657370616365223A22687474703A2F2F7777772E61637469766974692E6F72672F70726F63657373646566222C22657865637574696F6E6C697374656E657273223A227B5C22657865637574696F6E4C697374656E6572735C223A5C225B5D5C227D222C226576656E746C697374656E657273223A227B5C226576656E744C697374656E6572735C223A5C225B5D5C227D222C227369676E616C646566696E6974696F6E73223A225C225B5D5C22222C226D657373616765646566696E6974696F6E73223A225C225B5D5C22222C226D65737361676573223A5B5D7D2C227374656E63696C223A7B226964223A2242504D4E4469616772616D227D2C226368696C64536861706573223A5B7B227265736F757263654964223A227369642D31613466316234332D653733372D343366662D383633362D306465346330623135303635222C2270726F70657274696573223A7B226F766572726964656964223A227369642D31613466316234332D653733372D343366662D383633362D306465346330623135303635222C226E616D65223A22E5BC80E5A78B222C22646F63756D656E746174696F6E223A22222C22657865637574696F6E6C697374656E657273223A7B22657865637574696F6E4C697374656E657273223A5B5D7D2C22696E69746961746F72223A22222C22666F726D6B6579646566696E6974696F6E223A22222C22666F726D70726F70657274696573223A22227D2C227374656E63696C223A7B226964223A2253746172744E6F6E654576656E74227D2C226368696C64536861706573223A5B5D2C226F7574676F696E67223A5B7B227265736F757263654964223A227369642D64646332623264652D306239652D343231612D396338392D636166313565313332613332227D5D2C22626F756E6473223A7B226C6F7765725269676874223A7B2278223A3130352C2279223A3130307D2C2275707065724C656674223A7B2278223A37352C2279223A37307D7D2C22646F636B657273223A5B5D7D2C7B227265736F757263654964223A227369642D32633466376333322D343066612D346635312D393334302D383561663765653337653136222C2270726F70657274696573223A7B226F766572726964656964223A227369642D32633466376333322D343066612D346635312D393334302D383561663765653337653136222C226E616D65223A22E5889BE5BBBAE794B3E8AFB7222C22646F63756D656E746174696F6E223A22222C226173796E6368726F6E6F7573646566696E6974696F6E223A66616C73652C226578636C7573697665646566696E6974696F6E223A747275652C22657865637574696F6E6C697374656E657273223A7B22657865637574696F6E4C697374656E657273223A5B5D7D2C226D756C7469696E7374616E63655F74797065223A224E6F6E65222C226D756C7469696E7374616E63655F63617264696E616C697479223A22222C226D756C7469696E7374616E63655F636F6C6C656374696F6E223A22222C226D756C7469696E7374616E63655F7661726961626C65223A22222C226D756C7469696E7374616E63655F636F6E646974696F6E223A22222C226973666F72636F6D70656E736174696F6E223A2266616C7365222C22757365727461736B61737369676E6D656E74223A7B2261737369676E6D656E74223A7B2274797065223A22737461746963222C2261737369676E6565223A22247B61737369676E6565307D227D7D2C22666F726D6B6579646566696E6974696F6E223A22222C2264756564617465646566696E6974696F6E223A22222C227072696F72697479646566696E6974696F6E223A22222C22666F726D70726F70657274696573223A22222C227461736B6C697374656E657273223A7B227461736B4C697374656E657273223A5B5D7D7D2C227374656E63696C223A7B226964223A22557365725461736B227D2C226368696C64536861706573223A5B5D2C226F7574676F696E67223A5B7B227265736F757263654964223A227369642D34333136336337302D306533342D343463632D613431372D376362383461373236643963227D5D2C22626F756E6473223A7B226C6F7765725269676874223A7B2278223A3236352C2279223A3132357D2C2275707065724C656674223A7B2278223A3136352C2279223A34357D7D2C22646F636B657273223A5B5D7D2C7B227265736F757263654964223A227369642D31383634373335332D373531322D343530632D616139382D663764653438623162373432222C2270726F70657274696573223A7B226F766572726964656964223A227369642D31383634373335332D373531322D343530632D616139382D663764653438623162373432222C226E616D65223A22E983A8E997A8E5AEA1E689B9222C22646F63756D656E746174696F6E223A22222C226173796E6368726F6E6F7573646566696E6974696F6E223A66616C73652C226578636C7573697665646566696E6974696F6E223A747275652C22657865637574696F6E6C697374656E657273223A7B22657865637574696F6E4C697374656E657273223A5B5D7D2C226D756C7469696E7374616E63655F74797065223A224E6F6E65222C226D756C7469696E7374616E63655F63617264696E616C697479223A22222C226D756C7469696E7374616E63655F636F6C6C656374696F6E223A22222C226D756C7469696E7374616E63655F7661726961626C65223A22222C226D756C7469696E7374616E63655F636F6E646974696F6E223A22222C226973666F72636F6D70656E736174696F6E223A2266616C7365222C22757365727461736B61737369676E6D656E74223A7B2261737369676E6D656E74223A7B2274797065223A22737461746963222C2261737369676E6565223A22247B61737369676E6565317D227D7D2C22666F726D6B6579646566696E6974696F6E223A22222C2264756564617465646566696E6974696F6E223A22222C227072696F72697479646566696E6974696F6E223A22222C22666F726D70726F70657274696573223A22222C227461736B6C697374656E657273223A7B227461736B4C697374656E657273223A5B5D7D7D2C227374656E63696C223A7B226964223A22557365725461736B227D2C226368696C64536861706573223A5B5D2C226F7574676F696E67223A5B7B227265736F757263654964223A227369642D63376635323132332D323463662D346636632D626662372D653739623331313734633365227D5D2C22626F756E6473223A7B226C6F7765725269676874223A7B2278223A3431352C2279223A3132357D2C2275707065724C656674223A7B2278223A3331352C2279223A34357D7D2C22646F636B657273223A5B5D7D2C7B227265736F757263654964223A227369642D37333230363839632D633936612D343732312D393566662D363061623639343431316363222C2270726F70657274696573223A7B226F766572726964656964223A227369642D37333230363839632D633936612D343732312D393566662D363061623639343431316363222C226E616D65223A22E9A286E5AFBCE5AEA1E689B9222C22646F63756D656E746174696F6E223A22222C226173796E6368726F6E6F7573646566696E6974696F6E223A66616C73652C226578636C7573697665646566696E6974696F6E223A747275652C22657865637574696F6E6C697374656E657273223A7B22657865637574696F6E4C697374656E657273223A5B5D7D2C226D756C7469696E7374616E63655F74797065223A224E6F6E65222C226D756C7469696E7374616E63655F63617264696E616C697479223A22222C226D756C7469696E7374616E63655F636F6C6C656374696F6E223A22222C226D756C7469696E7374616E63655F7661726961626C65223A22222C226D756C7469696E7374616E63655F636F6E646974696F6E223A22222C226973666F72636F6D70656E736174696F6E223A2266616C7365222C22757365727461736B61737369676E6D656E74223A7B2261737369676E6D656E74223A7B2274797065223A22737461746963222C2261737369676E6565223A22247B61737369676E6565327D227D7D2C22666F726D6B6579646566696E6974696F6E223A22222C2264756564617465646566696E6974696F6E223A22222C227072696F72697479646566696E6974696F6E223A22222C22666F726D70726F70657274696573223A22222C227461736B6C697374656E657273223A7B227461736B4C697374656E657273223A5B5D7D7D2C227374656E63696C223A7B226964223A22557365725461736B227D2C226368696C64536861706573223A5B5D2C226F7574676F696E67223A5B7B227265736F757263654964223A227369642D34653666383434652D396538382D343534382D623963352D613738656362316435326465227D5D2C22626F756E6473223A7B226C6F7765725269676874223A7B2278223A3638352C2279223A3132357D2C2275707065724C656674223A7B2278223A3538352C2279223A34357D7D2C22646F636B657273223A5B5D7D2C7B227265736F757263654964223A227369642D31613466316234332D653733372D343366662D383633362D306465346330623135303634222C2270726F70657274696573223A7B226F766572726964656964223A227369642D31613466316234332D653733372D343366662D383633362D306465346330623135303634222C226E616D65223A22E7BB93E69D9F222C22646F63756D656E746174696F6E223A22222C22657865637574696F6E6C697374656E657273223A7B22657865637574696F6E4C697374656E657273223A5B5D7D7D2C227374656E63696C223A7B226964223A22456E644E6F6E654576656E74227D2C226368696C64536861706573223A5B5D2C226F7574676F696E67223A5B5D2C22626F756E6473223A7B226C6F7765725269676874223A7B2278223A3931332C2279223A3230387D2C2275707065724C656674223A7B2278223A3838352C2279223A3138307D7D2C22646F636B657273223A5B5D7D2C7B227265736F757263654964223A227369642D39443542454533352D434546362D343233422D423944412D354138464437464144304235222C2270726F70657274696573223A7B226F766572726964656964223A22222C226E616D65223A22222C22646F63756D656E746174696F6E223A22222C226173796E6368726F6E6F7573646566696E6974696F6E223A2266616C7365222C226578636C7573697665646566696E6974696F6E223A2266616C7365222C2273657175656E6365666C6F776F72646572223A22227D2C227374656E63696C223A7B226964223A224578636C757369766547617465776179227D2C226368696C64536861706573223A5B5D2C226F7574676F696E67223A5B7B227265736F757263654964223A227369642D38314630313334342D304631322D343139322D423839302D304246313438353830463130227D2C7B227265736F757263654964223A227369642D33463942334136372D353533362D343531362D423341312D394546383345443539303043227D5D2C22626F756E6473223A7B226C6F7765725269676874223A7B2278223A3737352C2279223A3130357D2C2275707065724C656674223A7B2278223A3733352C2279223A36357D7D2C22646F636B657273223A5B5D7D2C7B227265736F757263654964223A227369642D34333131454131432D433346362D343839382D414342372D334531343730453937384445222C2270726F70657274696573223A7B226F766572726964656964223A22222C226E616D65223A22222C22646F63756D656E746174696F6E223A22222C226173796E6368726F6E6F7573646566696E6974696F6E223A2266616C7365222C226578636C7573697665646566696E6974696F6E223A2266616C7365222C2273657175656E6365666C6F776F72646572223A22227D2C227374656E63696C223A7B226964223A224578636C757369766547617465776179227D2C226368696C64536861706573223A5B5D2C226F7574676F696E67223A5B7B227265736F757263654964223A227369642D38374139444446412D433830362D344239362D383930302D383542414537343444314243227D2C7B227265736F757263654964223A227369642D46323637384431432D454532462D344130372D383739372D353341444241343546384331227D5D2C22626F756E6473223A7B226C6F7765725269676874223A7B2278223A3530352C2279223A3130357D2C2275707065724C656674223A7B2278223A3436352C2279223A36357D7D2C22646F636B657273223A5B5D7D2C7B227265736F757263654964223A227369642D34333136336337302D306533342D343463632D613431372D376362383461373236643963222C2270726F70657274696573223A7B226F766572726964656964223A227369642D34333136336337302D306533342D343463632D613431372D376362383461373236643963222C226E616D65223A22222C22646F63756D656E746174696F6E223A22222C22636F6E646974696F6E73657175656E6365666C6F77223A22222C22657865637574696F6E6C697374656E657273223A22222C2264656661756C74666C6F77223A2266616C7365222C2273686F776469616D6F6E646D61726B6572223A66616C73657D2C227374656E63696C223A7B226964223A2253657175656E6365466C6F77227D2C226368696C64536861706573223A5B5D2C226F7574676F696E67223A5B7B227265736F757263654964223A227369642D31383634373335332D373531322D343530632D616139382D663764653438623162373432227D5D2C22626F756E6473223A7B226C6F7765725269676874223A7B2278223A3331352C2279223A38357D2C2275707065724C656674223A7B2278223A3236352E373130393337352C2279223A38357D7D2C22646F636B657273223A5B7B2278223A35302C2279223A34307D2C7B2278223A312C2279223A34307D5D2C22746172676574223A7B227265736F757263654964223A227369642D31383634373335332D373531322D343530632D616139382D663764653438623162373432227D7D2C7B227265736F757263654964223A227369642D34653666383434652D396538382D343534382D623963352D613738656362316435326465222C2270726F70657274696573223A7B226F766572726964656964223A227369642D34653666383434652D396538382D343534382D623963352D613738656362316435326465222C226E616D65223A22222C22646F63756D656E746174696F6E223A22222C22636F6E646974696F6E73657175656E6365666C6F77223A22222C22657865637574696F6E6C697374656E657273223A22222C2264656661756C74666C6F77223A2266616C7365222C2273686F776469616D6F6E646D61726B6572223A66616C73657D2C227374656E63696C223A7B226964223A2253657175656E6365466C6F77227D2C226368696C64536861706573223A5B5D2C226F7574676F696E67223A5B7B227265736F757263654964223A227369642D39443542454533352D434546362D343233422D423944412D354138464437464144304235227D5D2C22626F756E6473223A7B226C6F7765725269676874223A7B2278223A3733352E3435303336353237363131352C2279223A38362E31323737393135353632393031357D2C2275707065724C656674223A7B2278223A3638352E353236383536313930353236382C2279223A38352E35363732383237373331343739387D7D2C22646F636B657273223A5B7B2278223A34392E39393939393939393939393939392C2279223A34307D2C7B2278223A322E3234393132333533323936333732322C2279223A32312E31343739383638343734353031377D5D2C22746172676574223A7B227265736F757263654964223A227369642D39443542454533352D434546362D343233422D423944412D354138464437464144304235227D7D2C7B227265736F757263654964223A227369642D63376635323132332D323463662D346636632D626662372D653739623331313734633365222C2270726F70657274696573223A7B226F766572726964656964223A227369642D63376635323132332D323463662D346636632D626662372D653739623331313734633365222C226E616D65223A22222C22646F63756D656E746174696F6E223A22222C22636F6E646974696F6E73657175656E6365666C6F77223A22222C22657865637574696F6E6C697374656E657273223A22222C2264656661756C74666C6F77223A2266616C7365222C2273686F776469616D6F6E646D61726B6572223A66616C73657D2C227374656E63696C223A7B226964223A2253657175656E6365466C6F77227D2C226368696C64536861706573223A5B5D2C226F7574676F696E67223A5B7B227265736F757263654964223A227369642D34333131454131432D433346362D343839382D414342372D334531343730453937384445227D5D2C22626F756E6473223A7B226C6F7765725269676874223A7B2278223A3436352E30333132352C2279223A38357D2C2275707065724C656674223A7B2278223A3431352E363837352C2279223A38357D7D2C22646F636B657273223A5B7B2278223A35302C2279223A34307D2C7B2278223A362C2279223A32307D5D2C22746172676574223A7B227265736F757263654964223A227369642D34333131454131432D433346362D343839382D414342372D334531343730453937384445227D7D2C7B227265736F757263654964223A227369642D33463942334136372D353533362D343531362D423341312D394546383345443539303043222C2270726F70657274696573223A7B226F766572726964656964223A22222C226E616D65223A22E9A9B3E59B9E222C22646F63756D656E746174696F6E223A22222C22636F6E646974696F6E73657175656E6365666C6F77223A22247B7374617475733D3D327D222C22657865637574696F6E6C697374656E657273223A22222C2264656661756C74666C6F77223A2266616C7365222C2273686F776469616D6F6E646D61726B6572223A66616C73657D2C227374656E63696C223A7B226964223A2253657175656E6365466C6F77227D2C226368696C64536861706573223A5B5D2C226F7574676F696E67223A5B7B227265736F757263654964223A227369642D31613466316234332D653733372D343366662D383633362D306465346330623135303634227D5D2C22626F756E6473223A7B226C6F7765725269676874223A7B2278223A3838342E3733343337352C2279223A3139347D2C2275707065724C656674223A7B2278223A3735372E352C2279223A3130347D7D2C22646F636B657273223A5B7B2278223A32322E352C2279223A33387D2C7B2278223A3735372E352C2279223A3139347D2C7B2278223A31342C2279223A31347D5D2C22746172676574223A7B227265736F757263654964223A227369642D31613466316234332D653733372D343366662D383633362D306465346330623135303634227D7D2C7B227265736F757263654964223A227369642D38374139444446412D433830362D344239362D383930302D383542414537343444314243222C2270726F70657274696573223A7B226F766572726964656964223A22222C226E616D65223A22E5908CE6848F222C22646F63756D656E746174696F6E223A22222C22636F6E646974696F6E73657175656E6365666C6F77223A22247B7374617475733D3D317D222C22657865637574696F6E6C697374656E657273223A22222C2264656661756C74666C6F77223A2266616C7365222C2273686F776469616D6F6E646D61726B6572223A66616C73657D2C227374656E63696C223A7B226964223A2253657175656E6365466C6F77227D2C226368696C64536861706573223A5B5D2C226F7574676F696E67223A5B7B227265736F757263654964223A227369642D37333230363839632D633936612D343732312D393566662D363061623639343431316363227D5D2C22626F756E6473223A7B226C6F7765725269676874223A7B2278223A3538342E323134383536313235373031352C2279223A38352E34303132373439333731393235347D2C2275707065724C656674223A7B2278223A3530352E33343337333736323432393834362C2279223A38352E30303838383133313238303734367D7D2C22646F636B657273223A5B7B2278223A32302E352C2279223A32302E357D2C7B2278223A312C2279223A34307D5D2C22746172676574223A7B227265736F757263654964223A227369642D37333230363839632D633936612D343732312D393566662D363061623639343431316363227D7D2C7B227265736F757263654964223A227369642D64646332623264652D306239652D343231612D396338392D636166313565313332613332222C2270726F70657274696573223A7B226F766572726964656964223A227369642D64646332623264652D306239652D343231612D396338392D636166313565313332613332222C226E616D65223A22222C22646F63756D656E746174696F6E223A22222C22636F6E646974696F6E73657175656E6365666C6F77223A22222C22657865637574696F6E6C697374656E657273223A22222C2264656661756C74666C6F77223A2266616C7365222C2273686F776469616D6F6E646D61726B6572223A66616C73657D2C227374656E63696C223A7B226964223A2253657175656E6365466C6F77227D2C226368696C64536861706573223A5B5D2C226F7574676F696E67223A5B7B227265736F757263654964223A227369642D32633466376333322D343066612D346635312D393334302D383561663765653337653136227D5D2C22626F756E6473223A7B226C6F7765725269676874223A7B2278223A3136342E323331393332373630363230312C2279223A38357D2C2275707065724C656674223A7B2278223A3130382E38323831323332323236353632352C2279223A38357D7D2C22646F636B657273223A5B7B2278223A33332E3832383132333232323635363234352C2279223A31357D2C7B2278223A35302C2279223A34307D5D2C22746172676574223A7B227265736F757263654964223A227369642D32633466376333322D343066612D346635312D393334302D383561663765653337653136227D7D2C7B227265736F757263654964223A227369642D38314630313334342D304631322D343139322D423839302D304246313438353830463130222C2270726F70657274696573223A7B226F766572726964656964223A22222C226E616D65223A22E5908CE6848F222C22646F63756D656E746174696F6E223A22222C22636F6E646974696F6E73657175656E6365666C6F77223A22247B7374617475733D3D317D222C22657865637574696F6E6C697374656E657273223A22222C2264656661756C74666C6F77223A2266616C7365222C2273686F776469616D6F6E646D61726B6572223A66616C73657D2C227374656E63696C223A7B226964223A2253657175656E6365466C6F77227D2C226368696C64536861706573223A5B5D2C226F7574676F696E67223A5B7B227265736F757263654964223A227369642D31613466316234332D653733372D343366662D383633362D306465346330623135303634227D5D2C22626F756E6473223A7B226C6F7765725269676874223A7B2278223A3839392C2279223A3137392E3336333532353339303632357D2C2275707065724C656674223A7B2278223A3737352E352C2279223A38342E3930383230333132357D7D2C22646F636B657273223A5B7B2278223A34302E352C2279223A31392E3930383230333132357D2C7B2278223A3839392C2279223A38342E3930383230333132357D2C7B2278223A31342C2279223A31347D5D2C22746172676574223A7B227265736F757263654964223A227369642D31613466316234332D653733372D343366662D383633362D306465346330623135303634227D7D2C7B227265736F757263654964223A227369642D46323637384431432D454532462D344130372D383739372D353341444241343546384331222C2270726F70657274696573223A7B226F766572726964656964223A22222C226E616D65223A22E9A9B3E59B9E222C22646F63756D656E746174696F6E223A22222C22636F6E646974696F6E73657175656E6365666C6F77223A22247B7374617475733D3D327D222C22657865637574696F6E6C697374656E657273223A22222C2264656661756C74666C6F77223A2266616C7365222C2273686F776469616D6F6E646D61726B6572223A66616C73657D2C227374656E63696C223A7B226964223A2253657175656E6365466C6F77227D2C226368696C64536861706573223A5B5D2C226F7574676F696E67223A5B7B227265736F757263654964223A227369642D31613466316234332D653733372D343366662D383633362D306465346330623135303634227D5D2C22626F756E6473223A7B226C6F7765725269676874223A7B2278223A3838342E323730353037383132352C2279223A3139347D2C2275707065724C656674223A7B2278223A3438352E352C2279223A3130352E313438343337357D7D2C22646F636B657273223A5B7B2278223A32302E352C2279223A32302E357D2C7B2278223A3438352E352C2279223A3139347D2C7B2278223A31342C2279223A31347D5D2C22746172676574223A7B227265736F757263654964223A227369642D31613466316234332D653733372D343366662D383633362D306465346330623135303634227D7D5D2C22626F756E6473223A7B226C6F7765725269676874223A7B2278223A313230302C2279223A313035307D2C2275707065724C656674223A7B2278223A302C2279223A307D7D2C227374656E63696C736574223A7B2275726C223A227374656E63696C736574732F62706D6E322E302F62706D6E322E302E6A736F6E222C226E616D657370616365223A22687474703A2F2F62336D6E2E6F72672F7374656E63696C7365742F62706D6E322E3023227D2C227373657874656E73696F6E73223A5B5D7D, NULL);
INSERT INTO `act_ge_bytearray` (`ID_`, `REV_`, `NAME_`, `DEPLOYMENT_ID_`, `BYTES_`, `GENERATED_`) VALUES ('cae28b5a-8d92-11ee-86f3-cac7020c0d44', 1, 'leave-apply.bpmn20.xml', 'cae28b59-8d92-11ee-86f3-cac7020c0d44', 0x3C3F786D6C2076657273696F6E3D22312E302220656E636F64696E673D225554462D38223F3E0A3C62706D6E323A646566696E6974696F6E7320786D6C6E733D22687474703A2F2F7777772E6F6D672E6F72672F737065632F42504D4E2F32303130303532342F4D4F44454C2220786D6C6E733A62706D6E323D22687474703A2F2F7777772E6F6D672E6F72672F737065632F42504D4E2F32303130303532342F4D4F44454C2220786D6C6E733A7873693D22687474703A2F2F7777772E77332E6F72672F323030312F584D4C536368656D612D696E7374616E63652220786D6C6E733A7873643D22687474703A2F2F7777772E77332E6F72672F323030312F584D4C536368656D612220786D6C6E733A61637469766974693D22687474703A2F2F61637469766974692E6F72672F62706D6E2220786D6C6E733A62706D6E64693D22687474703A2F2F7777772E6F6D672E6F72672F737065632F42504D4E2F32303130303532342F44492220786D6C6E733A6F6D6764633D22687474703A2F2F7777772E6F6D672E6F72672F737065632F44442F32303130303532342F44432220786D6C6E733A6F6D6764693D22687474703A2F2F7777772E6F6D672E6F72672F737065632F44442F32303130303532342F44492220747970654C616E67756167653D22687474703A2F2F7777772E77332E6F72672F323030312F584D4C536368656D61222065787072657373696F6E4C616E67756167653D22687474703A2F2F7777772E77332E6F72672F313939392F585061746822207461726765744E616D6573706163653D22687474703A2F2F7777772E61637469766974692E6F72672F70726F63657373646566223E0A20203C62706D6E323A70726F636573732069643D226C656176652D6170706C7922206E616D653D22E8AFB7E58187E794B3E8AFB72220697345786563757461626C653D2274727565223E0A202020203C62706D6E323A73746172744576656E742069643D227369642D31613466316234332D653733372D343366662D383633362D30646534633062313530363522206E616D653D22E5BC80E5A78B223E0A2020202020203C62706D6E323A6F7574676F696E673E7369642D64646332623264652D306239652D343231612D396338392D6361663135653133326133323C2F62706D6E323A6F7574676F696E673E0A202020203C2F62706D6E323A73746172744576656E743E0A202020203C62706D6E323A757365725461736B2069643D227369642D32633466376333322D343066612D346635312D393334302D38356166376565333765313622206E616D653D22E5889BE5BBBAE794B3E8AFB7222061637469766974693A61737369676E65653D22247B61737369676E6565307D223E0A2020202020203C657874656E73696F6E456C656D656E74733E0A20202020202020203C6D6F64656C65723A696E69746961746F722D63616E2D636F6D706C65746520786D6C6E733A6D6F64656C65723D22687474703A2F2F61637469766974692E636F6D2F6D6F64656C6572223E3C215B43444154415B66616C73655D5D3E3C2F6D6F64656C65723A696E69746961746F722D63616E2D636F6D706C6574653E0A2020202020203C2F657874656E73696F6E456C656D656E74733E0A202020203C2F62706D6E323A757365725461736B3E0A202020203C62706D6E323A757365725461736B2069643D227369642D31383634373335332D373531322D343530632D616139382D66376465343862316237343222206E616D653D22E983A8E997A8E5AEA1E689B9222061637469766974693A61737369676E65653D22247B61737369676E6565317D223E0A2020202020203C657874656E73696F6E456C656D656E74733E0A20202020202020203C6D6F64656C65723A696E69746961746F722D63616E2D636F6D706C65746520786D6C6E733A6D6F64656C65723D22687474703A2F2F61637469766974692E636F6D2F6D6F64656C6572223E3C215B43444154415B66616C73655D5D3E3C2F6D6F64656C65723A696E69746961746F722D63616E2D636F6D706C6574653E0A2020202020203C2F657874656E73696F6E456C656D656E74733E0A202020203C2F62706D6E323A757365725461736B3E0A202020203C62706D6E323A757365725461736B2069643D227369642D37333230363839632D633936612D343732312D393566662D36306162363934343131636322206E616D653D22E9A286E5AFBCE5AEA1E689B9222061637469766974693A61737369676E65653D22247B61737369676E6565327D223E0A2020202020203C657874656E73696F6E456C656D656E74733E0A20202020202020203C6D6F64656C65723A696E69746961746F722D63616E2D636F6D706C65746520786D6C6E733A6D6F64656C65723D22687474703A2F2F61637469766974692E636F6D2F6D6F64656C6572223E3C215B43444154415B66616C73655D5D3E3C2F6D6F64656C65723A696E69746961746F722D63616E2D636F6D706C6574653E0A2020202020203C2F657874656E73696F6E456C656D656E74733E0A202020203C2F62706D6E323A757365725461736B3E0A202020203C62706D6E323A656E644576656E742069643D227369642D31613466316234332D653733372D343366662D383633362D30646534633062313530363422206E616D653D22E7BB93E69D9F223E0A2020202020203C62706D6E323A696E636F6D696E673E7369642D33463942334136372D353533362D343531362D423341312D3945463833454435393030433C2F62706D6E323A696E636F6D696E673E0A2020202020203C62706D6E323A696E636F6D696E673E7369642D38314630313334342D304631322D343139322D423839302D3042463134383538304631303C2F62706D6E323A696E636F6D696E673E0A2020202020203C62706D6E323A696E636F6D696E673E7369642D46323637384431432D454532462D344130372D383739372D3533414442413435463843313C2F62706D6E323A696E636F6D696E673E0A202020203C2F62706D6E323A656E644576656E743E0A202020203C62706D6E323A6578636C7573697665476174657761792069643D227369642D39443542454533352D434546362D343233422D423944412D354138464437464144304235223E0A2020202020203C62706D6E323A696E636F6D696E673E7369642D34653666383434652D396538382D343534382D623963352D6137386563623164353264653C2F62706D6E323A696E636F6D696E673E0A2020202020203C62706D6E323A6F7574676F696E673E7369642D33463942334136372D353533362D343531362D423341312D3945463833454435393030433C2F62706D6E323A6F7574676F696E673E0A2020202020203C62706D6E323A6F7574676F696E673E7369642D38314630313334342D304631322D343139322D423839302D3042463134383538304631303C2F62706D6E323A6F7574676F696E673E0A202020203C2F62706D6E323A6578636C7573697665476174657761793E0A202020203C62706D6E323A6578636C7573697665476174657761792069643D227369642D34333131454131432D433346362D343839382D414342372D334531343730453937384445223E0A2020202020203C62706D6E323A696E636F6D696E673E7369642D63376635323132332D323463662D346636632D626662372D6537396233313137346333653C2F62706D6E323A696E636F6D696E673E0A2020202020203C62706D6E323A6F7574676F696E673E7369642D38374139444446412D433830362D344239362D383930302D3835424145373434443142433C2F62706D6E323A6F7574676F696E673E0A2020202020203C62706D6E323A6F7574676F696E673E7369642D46323637384431432D454532462D344130372D383739372D3533414442413435463843313C2F62706D6E323A6F7574676F696E673E0A202020203C2F62706D6E323A6578636C7573697665476174657761793E0A202020203C62706D6E323A73657175656E6365466C6F772069643D227369642D34333136336337302D306533342D343463632D613431372D3763623834613732366439632220736F757263655265663D227369642D32633466376333322D343066612D346635312D393334302D38356166376565333765313622207461726765745265663D227369642D31383634373335332D373531322D343530632D616139382D663764653438623162373432223E3C2F62706D6E323A73657175656E6365466C6F773E0A202020203C62706D6E323A73657175656E6365466C6F772069643D227369642D34653666383434652D396538382D343534382D623963352D6137386563623164353264652220736F757263655265663D227369642D37333230363839632D633936612D343732312D393566662D36306162363934343131636322207461726765745265663D227369642D39443542454533352D434546362D343233422D423944412D354138464437464144304235223E3C2F62706D6E323A73657175656E6365466C6F773E0A202020203C62706D6E323A73657175656E6365466C6F772069643D227369642D63376635323132332D323463662D346636632D626662372D6537396233313137346333652220736F757263655265663D227369642D31383634373335332D373531322D343530632D616139382D66376465343862316237343222207461726765745265663D227369642D34333131454131432D433346362D343839382D414342372D334531343730453937384445223E3C2F62706D6E323A73657175656E6365466C6F773E0A202020203C62706D6E323A73657175656E6365466C6F772069643D227369642D33463942334136372D353533362D343531362D423341312D39454638334544353930304322206E616D653D22E9A9B3E59B9E2220736F757263655265663D227369642D39443542454533352D434546362D343233422D423944412D35413846443746414430423522207461726765745265663D227369642D31613466316234332D653733372D343366662D383633362D306465346330623135303634223E0A2020202020203C636F6E646974696F6E45787072657373696F6E207873693A747970653D2274466F726D616C45787072657373696F6E223E3C215B43444154415B247B7374617475733D3D327D5D5D3E3C2F636F6E646974696F6E45787072657373696F6E3E0A202020203C2F62706D6E323A73657175656E6365466C6F773E0A202020203C62706D6E323A73657175656E6365466C6F772069643D227369642D38374139444446412D433830362D344239362D383930302D38354241453734344431424322206E616D653D22E5908CE6848F2220736F757263655265663D227369642D34333131454131432D433346362D343839382D414342372D33453134373045393738444522207461726765745265663D227369642D37333230363839632D633936612D343732312D393566662D363061623639343431316363223E0A2020202020203C636F6E646974696F6E45787072657373696F6E207873693A747970653D2274466F726D616C45787072657373696F6E223E3C215B43444154415B247B7374617475733D3D317D5D5D3E3C2F636F6E646974696F6E45787072657373696F6E3E0A202020203C2F62706D6E323A73657175656E6365466C6F773E0A202020203C62706D6E323A73657175656E6365466C6F772069643D227369642D64646332623264652D306239652D343231612D396338392D6361663135653133326133322220736F757263655265663D227369642D31613466316234332D653733372D343366662D383633362D30646534633062313530363522207461726765745265663D227369642D32633466376333322D343066612D346635312D393334302D383561663765653337653136223E3C2F62706D6E323A73657175656E6365466C6F773E0A202020203C62706D6E323A73657175656E6365466C6F772069643D227369642D38314630313334342D304631322D343139322D423839302D30424631343835383046313022206E616D653D22E5908CE6848F2220736F757263655265663D227369642D39443542454533352D434546362D343233422D423944412D35413846443746414430423522207461726765745265663D227369642D31613466316234332D653733372D343366662D383633362D306465346330623135303634223E0A2020202020203C636F6E646974696F6E45787072657373696F6E207873693A747970653D2274466F726D616C45787072657373696F6E223E3C215B43444154415B247B7374617475733D3D317D5D5D3E3C2F636F6E646974696F6E45787072657373696F6E3E0A202020203C2F62706D6E323A73657175656E6365466C6F773E0A202020203C62706D6E323A73657175656E6365466C6F772069643D227369642D46323637384431432D454532462D344130372D383739372D35334144424134354638433122206E616D653D22E9A9B3E59B9E2220736F757263655265663D227369642D34333131454131432D433346362D343839382D414342372D33453134373045393738444522207461726765745265663D227369642D31613466316234332D653733372D343366662D383633362D306465346330623135303634223E0A2020202020203C636F6E646974696F6E45787072657373696F6E207873693A747970653D2274466F726D616C45787072657373696F6E223E3C215B43444154415B247B7374617475733D3D327D5D5D3E3C2F636F6E646974696F6E45787072657373696F6E3E0A202020203C2F62706D6E323A73657175656E6365466C6F773E0A20203C2F62706D6E323A70726F636573733E0A20203C62706D6E64693A42504D4E4469616772616D2069643D2242504D4E4469616772616D5F6C656176652D6170706C79223E0A202020203C62706D6E64693A42504D4E506C616E652062706D6E456C656D656E743D226C656176652D6170706C79222069643D2242504D4E506C616E655F6C656176652D6170706C79223E0A2020202020203C62706D6E64693A42504D4E53686170652062706D6E456C656D656E743D227369642D31613466316234332D653733372D343366662D383633362D306465346330623135303635222069643D2242504D4E53686170655F7369642D31613466316234332D653733372D343366662D383633362D306465346330623135303635223E0A20202020202020203C6F6D6764633A426F756E6473206865696768743D2233302E30222077696474683D2233302E302220783D2237352E302220793D2237302E30223E3C2F6F6D6764633A426F756E64733E0A2020202020203C2F62706D6E64693A42504D4E53686170653E0A2020202020203C62706D6E64693A42504D4E53686170652062706D6E456C656D656E743D227369642D32633466376333322D343066612D346635312D393334302D383561663765653337653136222069643D2242504D4E53686170655F7369642D32633466376333322D343066612D346635312D393334302D383561663765653337653136223E0A20202020202020203C6F6D6764633A426F756E6473206865696768743D2238302E30222077696474683D223130302E302220783D223136352E302220793D2234352E30223E3C2F6F6D6764633A426F756E64733E0A2020202020203C2F62706D6E64693A42504D4E53686170653E0A2020202020203C62706D6E64693A42504D4E53686170652062706D6E456C656D656E743D227369642D31383634373335332D373531322D343530632D616139382D663764653438623162373432222069643D2242504D4E53686170655F7369642D31383634373335332D373531322D343530632D616139382D663764653438623162373432223E0A20202020202020203C6F6D6764633A426F756E6473206865696768743D2238302E30222077696474683D223130302E302220783D223331352E302220793D2234352E30223E3C2F6F6D6764633A426F756E64733E0A2020202020203C2F62706D6E64693A42504D4E53686170653E0A2020202020203C62706D6E64693A42504D4E53686170652062706D6E456C656D656E743D227369642D37333230363839632D633936612D343732312D393566662D363061623639343431316363222069643D2242504D4E53686170655F7369642D37333230363839632D633936612D343732312D393566662D363061623639343431316363223E0A20202020202020203C6F6D6764633A426F756E6473206865696768743D2238302E30222077696474683D223130302E302220783D223538352E302220793D2234352E30223E3C2F6F6D6764633A426F756E64733E0A2020202020203C2F62706D6E64693A42504D4E53686170653E0A2020202020203C62706D6E64693A42504D4E53686170652062706D6E456C656D656E743D227369642D31613466316234332D653733372D343366662D383633362D306465346330623135303634222069643D2242504D4E53686170655F7369642D31613466316234332D653733372D343366662D383633362D306465346330623135303634223E0A20202020202020203C6F6D6764633A426F756E6473206865696768743D2232382E30222077696474683D2232382E302220783D223838352E302220793D223138302E30223E3C2F6F6D6764633A426F756E64733E0A2020202020203C2F62706D6E64693A42504D4E53686170653E0A2020202020203C62706D6E64693A42504D4E53686170652062706D6E456C656D656E743D227369642D39443542454533352D434546362D343233422D423944412D354138464437464144304235222069643D2242504D4E53686170655F7369642D39443542454533352D434546362D343233422D423944412D354138464437464144304235223E0A20202020202020203C6F6D6764633A426F756E6473206865696768743D2234302E30222077696474683D2234302E302220783D223733352E302220793D2236352E30223E3C2F6F6D6764633A426F756E64733E0A2020202020203C2F62706D6E64693A42504D4E53686170653E0A2020202020203C62706D6E64693A42504D4E53686170652062706D6E456C656D656E743D227369642D34333131454131432D433346362D343839382D414342372D334531343730453937384445222069643D2242504D4E53686170655F7369642D34333131454131432D433346362D343839382D414342372D334531343730453937384445223E0A20202020202020203C6F6D6764633A426F756E6473206865696768743D2234302E30222077696474683D2234302E302220783D223436352E302220793D2236352E30223E3C2F6F6D6764633A426F756E64733E0A2020202020203C2F62706D6E64693A42504D4E53686170653E0A2020202020203C62706D6E64693A42504D4E456467652062706D6E456C656D656E743D227369642D34333136336337302D306533342D343463632D613431372D376362383461373236643963222069643D2242504D4E456467655F7369642D34333136336337302D306533342D343463632D613431372D376362383461373236643963223E0A20202020202020203C6F6D6764693A776179706F696E7420783D223236352E302220793D2238352E30223E3C2F6F6D6764693A776179706F696E743E0A20202020202020203C6F6D6764693A776179706F696E7420783D223331352E302220793D2238352E30223E3C2F6F6D6764693A776179706F696E743E0A2020202020203C2F62706D6E64693A42504D4E456467653E0A2020202020203C62706D6E64693A42504D4E456467652062706D6E456C656D656E743D227369642D38374139444446412D433830362D344239362D383930302D383542414537343444314243222069643D2242504D4E456467655F7369642D38374139444446412D433830362D344239362D383930302D383542414537343444314243223E0A20202020202020203C6F6D6764693A776179706F696E7420783D223530352E302220793D2238352E30223E3C2F6F6D6764693A776179706F696E743E0A20202020202020203C6F6D6764693A776179706F696E7420783D223538352E302220793D2238352E30223E3C2F6F6D6764693A776179706F696E743E0A2020202020203C2F62706D6E64693A42504D4E456467653E0A2020202020203C62706D6E64693A42504D4E456467652062706D6E456C656D656E743D227369642D33463942334136372D353533362D343531362D423341312D394546383345443539303043222069643D2242504D4E456467655F7369642D33463942334136372D353533362D343531362D423341312D394546383345443539303043223E0A20202020202020203C6F6D6764693A776179706F696E7420783D223735352E333630333630333630333630332220793D223130342E3633393633393633393633393634223E3C2F6F6D6764693A776179706F696E743E0A20202020202020203C6F6D6764693A776179706F696E7420783D223735372E302220793D223139342E30223E3C2F6F6D6764693A776179706F696E743E0A20202020202020203C6F6D6764693A776179706F696E7420783D223838352E302220793D223139342E30223E3C2F6F6D6764693A776179706F696E743E0A2020202020203C2F62706D6E64693A42504D4E456467653E0A2020202020203C62706D6E64693A42504D4E456467652062706D6E456C656D656E743D227369642D38314630313334342D304631322D343139322D423839302D304246313438353830463130222069643D2242504D4E456467655F7369642D38314630313334342D304631322D343139322D423839302D304246313438353830463130223E0A20202020202020203C6F6D6764693A776179706F696E7420783D223737342E383632303638393635353137322220793D2238342E3836323036383936353531373234223E3C2F6F6D6764693A776179706F696E743E0A20202020202020203C6F6D6764693A776179706F696E7420783D223839392E302220793D2238342E30223E3C2F6F6D6764693A776179706F696E743E0A20202020202020203C6F6D6764693A776179706F696E7420783D223839392E302220793D223138302E30223E3C2F6F6D6764693A776179706F696E743E0A2020202020203C2F62706D6E64693A42504D4E456467653E0A2020202020203C62706D6E64693A42504D4E456467652062706D6E456C656D656E743D227369642D34653666383434652D396538382D343534382D623963352D613738656362316435326465222069643D2242504D4E456467655F7369642D34653666383434652D396538382D343534382D623963352D613738656362316435326465223E0A20202020202020203C6F6D6764693A776179706F696E7420783D223638352E302220793D2238352E30223E3C2F6F6D6764693A776179706F696E743E0A20202020202020203C6F6D6764693A776179706F696E7420783D223733352E302220793D2238352E30223E3C2F6F6D6764693A776179706F696E743E0A2020202020203C2F62706D6E64693A42504D4E456467653E0A2020202020203C62706D6E64693A42504D4E456467652062706D6E456C656D656E743D227369642D46323637384431432D454532462D344130372D383739372D353341444241343546384331222069643D2242504D4E456467655F7369642D46323637384431432D454532462D344130372D383739372D353341444241343546384331223E0A20202020202020203C6F6D6764693A776179706F696E7420783D223438352E302220793D223130352E30223E3C2F6F6D6764693A776179706F696E743E0A20202020202020203C6F6D6764693A776179706F696E7420783D223438352E302220793D223139342E30223E3C2F6F6D6764693A776179706F696E743E0A20202020202020203C6F6D6764693A776179706F696E7420783D223838352E302220793D223139342E30223E3C2F6F6D6764693A776179706F696E743E0A2020202020203C2F62706D6E64693A42504D4E456467653E0A2020202020203C62706D6E64693A42504D4E456467652062706D6E456C656D656E743D227369642D63376635323132332D323463662D346636632D626662372D653739623331313734633365222069643D2242504D4E456467655F7369642D63376635323132332D323463662D346636632D626662372D653739623331313734633365223E0A20202020202020203C6F6D6764693A776179706F696E7420783D223431352E302220793D2238352E30223E3C2F6F6D6764693A776179706F696E743E0A20202020202020203C6F6D6764693A776179706F696E7420783D223436352E302220793D2238352E30223E3C2F6F6D6764693A776179706F696E743E0A2020202020203C2F62706D6E64693A42504D4E456467653E0A2020202020203C62706D6E64693A42504D4E456467652062706D6E456C656D656E743D227369642D64646332623264652D306239652D343231612D396338392D636166313565313332613332222069643D2242504D4E456467655F7369642D64646332623264652D306239652D343231612D396338392D636166313565313332613332223E0A20202020202020203C6F6D6764693A776179706F696E7420783D223130352E302220793D2238352E30223E3C2F6F6D6764693A776179706F696E743E0A20202020202020203C6F6D6764693A776179706F696E7420783D223136352E302220793D2238352E30223E3C2F6F6D6764693A776179706F696E743E0A2020202020203C2F62706D6E64693A42504D4E456467653E0A202020203C2F62706D6E64693A42504D4E506C616E653E0A20203C2F62706D6E64693A42504D4E4469616772616D3E0A3C2F62706D6E323A646566696E6974696F6E733E, 0);
INSERT INTO `act_ge_bytearray` (`ID_`, `REV_`, `NAME_`, `DEPLOYMENT_ID_`, `BYTES_`, `GENERATED_`) VALUES ('cbbb863d-8d92-11ee-86f3-cac7020c0d44', 1, 'evection-apply.bpmn20.xml', 'cbbb863c-8d92-11ee-86f3-cac7020c0d44', 0x3C3F786D6C2076657273696F6E3D22312E302220656E636F64696E673D225554462D38223F3E0A3C62706D6E323A646566696E6974696F6E7320786D6C6E733D22687474703A2F2F7777772E6F6D672E6F72672F737065632F42504D4E2F32303130303532342F4D4F44454C2220786D6C6E733A62706D6E323D22687474703A2F2F7777772E6F6D672E6F72672F737065632F42504D4E2F32303130303532342F4D4F44454C2220786D6C6E733A7873693D22687474703A2F2F7777772E77332E6F72672F323030312F584D4C536368656D612D696E7374616E63652220786D6C6E733A7873643D22687474703A2F2F7777772E77332E6F72672F323030312F584D4C536368656D612220786D6C6E733A61637469766974693D22687474703A2F2F61637469766974692E6F72672F62706D6E2220786D6C6E733A62706D6E64693D22687474703A2F2F7777772E6F6D672E6F72672F737065632F42504D4E2F32303130303532342F44492220786D6C6E733A6F6D6764633D22687474703A2F2F7777772E6F6D672E6F72672F737065632F44442F32303130303532342F44432220786D6C6E733A6F6D6764693D22687474703A2F2F7777772E6F6D672E6F72672F737065632F44442F32303130303532342F44492220747970654C616E67756167653D22687474703A2F2F7777772E77332E6F72672F323030312F584D4C536368656D61222065787072657373696F6E4C616E67756167653D22687474703A2F2F7777772E77332E6F72672F313939392F585061746822207461726765744E616D6573706163653D22687474703A2F2F7777772E61637469766974692E6F72672F70726F63657373646566223E0A20203C62706D6E323A70726F636573732069643D226576656374696F6E2D6170706C7922206E616D653D22E587BAE5B7AEE794B3E8AFB72220697345786563757461626C653D2274727565223E0A202020203C62706D6E323A73746172744576656E742069643D227369642D31613466316234332D653733372D343366662D383633362D30646534633062313530363522206E616D653D22E5BC80E5A78B223E0A2020202020203C62706D6E323A6F7574676F696E673E7369642D64646332623264652D306239652D343231612D396338392D6361663135653133326133323C2F62706D6E323A6F7574676F696E673E0A202020203C2F62706D6E323A73746172744576656E743E0A202020203C62706D6E323A757365725461736B2069643D227369642D32633466376333322D343066612D346635312D393334302D38356166376565333765313622206E616D653D22E5889BE5BBBAE794B3E8AFB7222061637469766974693A61737369676E65653D22247B61737369676E6565307D223E0A2020202020203C657874656E73696F6E456C656D656E74733E0A20202020202020203C6D6F64656C65723A696E69746961746F722D63616E2D636F6D706C65746520786D6C6E733A6D6F64656C65723D22687474703A2F2F61637469766974692E636F6D2F6D6F64656C6572223E3C215B43444154415B66616C73655D5D3E3C2F6D6F64656C65723A696E69746961746F722D63616E2D636F6D706C6574653E0A2020202020203C2F657874656E73696F6E456C656D656E74733E0A202020203C2F62706D6E323A757365725461736B3E0A202020203C62706D6E323A757365725461736B2069643D227369642D31383634373335332D373531322D343530632D616139382D66376465343862316237343222206E616D653D22E983A8E997A8E5AEA1E689B9222061637469766974693A61737369676E65653D22247B61737369676E6565317D223E0A2020202020203C657874656E73696F6E456C656D656E74733E0A20202020202020203C6D6F64656C65723A696E69746961746F722D63616E2D636F6D706C65746520786D6C6E733A6D6F64656C65723D22687474703A2F2F61637469766974692E636F6D2F6D6F64656C6572223E3C215B43444154415B66616C73655D5D3E3C2F6D6F64656C65723A696E69746961746F722D63616E2D636F6D706C6574653E0A2020202020203C2F657874656E73696F6E456C656D656E74733E0A202020203C2F62706D6E323A757365725461736B3E0A202020203C62706D6E323A757365725461736B2069643D227369642D37333230363839632D633936612D343732312D393566662D36306162363934343131636322206E616D653D22E9A286E5AFBCE5AEA1E689B9222061637469766974693A61737369676E65653D22247B61737369676E6565327D223E0A2020202020203C657874656E73696F6E456C656D656E74733E0A20202020202020203C6D6F64656C65723A696E69746961746F722D63616E2D636F6D706C65746520786D6C6E733A6D6F64656C65723D22687474703A2F2F61637469766974692E636F6D2F6D6F64656C6572223E3C215B43444154415B66616C73655D5D3E3C2F6D6F64656C65723A696E69746961746F722D63616E2D636F6D706C6574653E0A2020202020203C2F657874656E73696F6E456C656D656E74733E0A202020203C2F62706D6E323A757365725461736B3E0A202020203C62706D6E323A656E644576656E742069643D227369642D31613466316234332D653733372D343366662D383633362D30646534633062313530363422206E616D653D22E7BB93E69D9F223E0A2020202020203C62706D6E323A696E636F6D696E673E7369642D33463942334136372D353533362D343531362D423341312D3945463833454435393030433C2F62706D6E323A696E636F6D696E673E0A2020202020203C62706D6E323A696E636F6D696E673E7369642D38314630313334342D304631322D343139322D423839302D3042463134383538304631303C2F62706D6E323A696E636F6D696E673E0A2020202020203C62706D6E323A696E636F6D696E673E7369642D46323637384431432D454532462D344130372D383739372D3533414442413435463843313C2F62706D6E323A696E636F6D696E673E0A202020203C2F62706D6E323A656E644576656E743E0A202020203C62706D6E323A6578636C7573697665476174657761792069643D227369642D39443542454533352D434546362D343233422D423944412D354138464437464144304235223E0A2020202020203C62706D6E323A696E636F6D696E673E7369642D34653666383434652D396538382D343534382D623963352D6137386563623164353264653C2F62706D6E323A696E636F6D696E673E0A2020202020203C62706D6E323A6F7574676F696E673E7369642D33463942334136372D353533362D343531362D423341312D3945463833454435393030433C2F62706D6E323A6F7574676F696E673E0A2020202020203C62706D6E323A6F7574676F696E673E7369642D38314630313334342D304631322D343139322D423839302D3042463134383538304631303C2F62706D6E323A6F7574676F696E673E0A202020203C2F62706D6E323A6578636C7573697665476174657761793E0A202020203C62706D6E323A6578636C7573697665476174657761792069643D227369642D34333131454131432D433346362D343839382D414342372D334531343730453937384445223E0A2020202020203C62706D6E323A696E636F6D696E673E7369642D63376635323132332D323463662D346636632D626662372D6537396233313137346333653C2F62706D6E323A696E636F6D696E673E0A2020202020203C62706D6E323A6F7574676F696E673E7369642D38374139444446412D433830362D344239362D383930302D3835424145373434443142433C2F62706D6E323A6F7574676F696E673E0A2020202020203C62706D6E323A6F7574676F696E673E7369642D46323637384431432D454532462D344130372D383739372D3533414442413435463843313C2F62706D6E323A6F7574676F696E673E0A202020203C2F62706D6E323A6578636C7573697665476174657761793E0A202020203C62706D6E323A73657175656E6365466C6F772069643D227369642D34333136336337302D306533342D343463632D613431372D3763623834613732366439632220736F757263655265663D227369642D32633466376333322D343066612D346635312D393334302D38356166376565333765313622207461726765745265663D227369642D31383634373335332D373531322D343530632D616139382D663764653438623162373432223E3C2F62706D6E323A73657175656E6365466C6F773E0A202020203C62706D6E323A73657175656E6365466C6F772069643D227369642D34653666383434652D396538382D343534382D623963352D6137386563623164353264652220736F757263655265663D227369642D37333230363839632D633936612D343732312D393566662D36306162363934343131636322207461726765745265663D227369642D39443542454533352D434546362D343233422D423944412D354138464437464144304235223E3C2F62706D6E323A73657175656E6365466C6F773E0A202020203C62706D6E323A73657175656E6365466C6F772069643D227369642D63376635323132332D323463662D346636632D626662372D6537396233313137346333652220736F757263655265663D227369642D31383634373335332D373531322D343530632D616139382D66376465343862316237343222207461726765745265663D227369642D34333131454131432D433346362D343839382D414342372D334531343730453937384445223E3C2F62706D6E323A73657175656E6365466C6F773E0A202020203C62706D6E323A73657175656E6365466C6F772069643D227369642D33463942334136372D353533362D343531362D423341312D39454638334544353930304322206E616D653D22E9A9B3E59B9E2220736F757263655265663D227369642D39443542454533352D434546362D343233422D423944412D35413846443746414430423522207461726765745265663D227369642D31613466316234332D653733372D343366662D383633362D306465346330623135303634223E0A2020202020203C636F6E646974696F6E45787072657373696F6E207873693A747970653D2274466F726D616C45787072657373696F6E223E3C215B43444154415B247B7374617475733D3D327D5D5D3E3C2F636F6E646974696F6E45787072657373696F6E3E0A202020203C2F62706D6E323A73657175656E6365466C6F773E0A202020203C62706D6E323A73657175656E6365466C6F772069643D227369642D38374139444446412D433830362D344239362D383930302D38354241453734344431424322206E616D653D22E5908CE6848F2220736F757263655265663D227369642D34333131454131432D433346362D343839382D414342372D33453134373045393738444522207461726765745265663D227369642D37333230363839632D633936612D343732312D393566662D363061623639343431316363223E0A2020202020203C636F6E646974696F6E45787072657373696F6E207873693A747970653D2274466F726D616C45787072657373696F6E223E3C215B43444154415B247B7374617475733D3D317D5D5D3E3C2F636F6E646974696F6E45787072657373696F6E3E0A202020203C2F62706D6E323A73657175656E6365466C6F773E0A202020203C62706D6E323A73657175656E6365466C6F772069643D227369642D64646332623264652D306239652D343231612D396338392D6361663135653133326133322220736F757263655265663D227369642D31613466316234332D653733372D343366662D383633362D30646534633062313530363522207461726765745265663D227369642D32633466376333322D343066612D346635312D393334302D383561663765653337653136223E3C2F62706D6E323A73657175656E6365466C6F773E0A202020203C62706D6E323A73657175656E6365466C6F772069643D227369642D38314630313334342D304631322D343139322D423839302D30424631343835383046313022206E616D653D22E5908CE6848F2220736F757263655265663D227369642D39443542454533352D434546362D343233422D423944412D35413846443746414430423522207461726765745265663D227369642D31613466316234332D653733372D343366662D383633362D306465346330623135303634223E0A2020202020203C636F6E646974696F6E45787072657373696F6E207873693A747970653D2274466F726D616C45787072657373696F6E223E3C215B43444154415B247B7374617475733D3D317D5D5D3E3C2F636F6E646974696F6E45787072657373696F6E3E0A202020203C2F62706D6E323A73657175656E6365466C6F773E0A202020203C62706D6E323A73657175656E6365466C6F772069643D227369642D46323637384431432D454532462D344130372D383739372D35334144424134354638433122206E616D653D22E9A9B3E59B9E2220736F757263655265663D227369642D34333131454131432D433346362D343839382D414342372D33453134373045393738444522207461726765745265663D227369642D31613466316234332D653733372D343366662D383633362D306465346330623135303634223E0A2020202020203C636F6E646974696F6E45787072657373696F6E207873693A747970653D2274466F726D616C45787072657373696F6E223E3C215B43444154415B247B7374617475733D3D327D5D5D3E3C2F636F6E646974696F6E45787072657373696F6E3E0A202020203C2F62706D6E323A73657175656E6365466C6F773E0A20203C2F62706D6E323A70726F636573733E0A20203C62706D6E64693A42504D4E4469616772616D2069643D2242504D4E4469616772616D5F6576656374696F6E2D6170706C79223E0A202020203C62706D6E64693A42504D4E506C616E652062706D6E456C656D656E743D226576656374696F6E2D6170706C79222069643D2242504D4E506C616E655F6576656374696F6E2D6170706C79223E0A2020202020203C62706D6E64693A42504D4E53686170652062706D6E456C656D656E743D227369642D31613466316234332D653733372D343366662D383633362D306465346330623135303635222069643D2242504D4E53686170655F7369642D31613466316234332D653733372D343366662D383633362D306465346330623135303635223E0A20202020202020203C6F6D6764633A426F756E6473206865696768743D2233302E30222077696474683D2233302E302220783D2237352E302220793D2237302E30223E3C2F6F6D6764633A426F756E64733E0A2020202020203C2F62706D6E64693A42504D4E53686170653E0A2020202020203C62706D6E64693A42504D4E53686170652062706D6E456C656D656E743D227369642D32633466376333322D343066612D346635312D393334302D383561663765653337653136222069643D2242504D4E53686170655F7369642D32633466376333322D343066612D346635312D393334302D383561663765653337653136223E0A20202020202020203C6F6D6764633A426F756E6473206865696768743D2238302E30222077696474683D223130302E302220783D223136352E302220793D2234352E30223E3C2F6F6D6764633A426F756E64733E0A2020202020203C2F62706D6E64693A42504D4E53686170653E0A2020202020203C62706D6E64693A42504D4E53686170652062706D6E456C656D656E743D227369642D31383634373335332D373531322D343530632D616139382D663764653438623162373432222069643D2242504D4E53686170655F7369642D31383634373335332D373531322D343530632D616139382D663764653438623162373432223E0A20202020202020203C6F6D6764633A426F756E6473206865696768743D2238302E30222077696474683D223130302E302220783D223331352E302220793D2234352E30223E3C2F6F6D6764633A426F756E64733E0A2020202020203C2F62706D6E64693A42504D4E53686170653E0A2020202020203C62706D6E64693A42504D4E53686170652062706D6E456C656D656E743D227369642D37333230363839632D633936612D343732312D393566662D363061623639343431316363222069643D2242504D4E53686170655F7369642D37333230363839632D633936612D343732312D393566662D363061623639343431316363223E0A20202020202020203C6F6D6764633A426F756E6473206865696768743D2238302E30222077696474683D223130302E302220783D223538352E302220793D2234352E30223E3C2F6F6D6764633A426F756E64733E0A2020202020203C2F62706D6E64693A42504D4E53686170653E0A2020202020203C62706D6E64693A42504D4E53686170652062706D6E456C656D656E743D227369642D31613466316234332D653733372D343366662D383633362D306465346330623135303634222069643D2242504D4E53686170655F7369642D31613466316234332D653733372D343366662D383633362D306465346330623135303634223E0A20202020202020203C6F6D6764633A426F756E6473206865696768743D2232382E30222077696474683D2232382E302220783D223838352E302220793D223138302E30223E3C2F6F6D6764633A426F756E64733E0A2020202020203C2F62706D6E64693A42504D4E53686170653E0A2020202020203C62706D6E64693A42504D4E53686170652062706D6E456C656D656E743D227369642D39443542454533352D434546362D343233422D423944412D354138464437464144304235222069643D2242504D4E53686170655F7369642D39443542454533352D434546362D343233422D423944412D354138464437464144304235223E0A20202020202020203C6F6D6764633A426F756E6473206865696768743D2234302E30222077696474683D2234302E302220783D223733352E302220793D2236352E30223E3C2F6F6D6764633A426F756E64733E0A2020202020203C2F62706D6E64693A42504D4E53686170653E0A2020202020203C62706D6E64693A42504D4E53686170652062706D6E456C656D656E743D227369642D34333131454131432D433346362D343839382D414342372D334531343730453937384445222069643D2242504D4E53686170655F7369642D34333131454131432D433346362D343839382D414342372D334531343730453937384445223E0A20202020202020203C6F6D6764633A426F756E6473206865696768743D2234302E30222077696474683D2234302E302220783D223436352E302220793D2236352E30223E3C2F6F6D6764633A426F756E64733E0A2020202020203C2F62706D6E64693A42504D4E53686170653E0A2020202020203C62706D6E64693A42504D4E456467652062706D6E456C656D656E743D227369642D34333136336337302D306533342D343463632D613431372D376362383461373236643963222069643D2242504D4E456467655F7369642D34333136336337302D306533342D343463632D613431372D376362383461373236643963223E0A20202020202020203C6F6D6764693A776179706F696E7420783D223236352E302220793D2238352E30223E3C2F6F6D6764693A776179706F696E743E0A20202020202020203C6F6D6764693A776179706F696E7420783D223331352E302220793D2238352E30223E3C2F6F6D6764693A776179706F696E743E0A2020202020203C2F62706D6E64693A42504D4E456467653E0A2020202020203C62706D6E64693A42504D4E456467652062706D6E456C656D656E743D227369642D38374139444446412D433830362D344239362D383930302D383542414537343444314243222069643D2242504D4E456467655F7369642D38374139444446412D433830362D344239362D383930302D383542414537343444314243223E0A20202020202020203C6F6D6764693A776179706F696E7420783D223530342E3539352220793D2238352E343035223E3C2F6F6D6764693A776179706F696E743E0A20202020202020203C6F6D6764693A776179706F696E7420783D223538352E302220793D2238352E3030343937353132343337383132223E3C2F6F6D6764693A776179706F696E743E0A2020202020203C2F62706D6E64693A42504D4E456467653E0A2020202020203C62706D6E64693A42504D4E456467652062706D6E456C656D656E743D227369642D33463942334136372D353533362D343531362D423341312D394546383345443539303043222069643D2242504D4E456467655F7369642D33463942334136372D353533362D343531362D423341312D394546383345443539303043223E0A20202020202020203C6F6D6764693A776179706F696E7420783D223735372E352220793D223130332E30223E3C2F6F6D6764693A776179706F696E743E0A20202020202020203C6F6D6764693A776179706F696E7420783D223735372E352220793D223139342E30223E3C2F6F6D6764693A776179706F696E743E0A20202020202020203C6F6D6764693A776179706F696E7420783D223838352E302220793D223139342E30223E3C2F6F6D6764693A776179706F696E743E0A2020202020203C2F62706D6E64693A42504D4E456467653E0A2020202020203C62706D6E64693A42504D4E456467652062706D6E456C656D656E743D227369642D38314630313334342D304631322D343139322D423839302D304246313438353830463130222069643D2242504D4E456467655F7369642D38314630313334342D304631322D343139322D423839302D304246313438353830463130223E0A20202020202020203C6F6D6764693A776179706F696E7420783D223737352E352220793D2238342E393038323033313235223E3C2F6F6D6764693A776179706F696E743E0A20202020202020203C6F6D6764693A776179706F696E7420783D223839392E302220793D2238342E393038323033313235223E3C2F6F6D6764693A776179706F696E743E0A20202020202020203C6F6D6764693A776179706F696E7420783D223839392E302220793D223138302E30223E3C2F6F6D6764693A776179706F696E743E0A2020202020203C2F62706D6E64693A42504D4E456467653E0A2020202020203C62706D6E64693A42504D4E456467652062706D6E456C656D656E743D227369642D34653666383434652D396538382D343534382D623963352D613738656362316435326465222069643D2242504D4E456467655F7369642D34653666383434652D396538382D343534382D623963352D613738656362316435326465223E0A20202020202020203C6F6D6764693A776179706F696E7420783D223638352E302220793D2238352E3536313336373537333532323536223E3C2F6F6D6764693A776179706F696E743E0A20202020202020203C6F6D6764693A776179706F696E7420783D223733362E313335343833363230373434312220793D2238362E3133353438333632303734343135223E3C2F6F6D6764693A776179706F696E743E0A2020202020203C2F62706D6E64693A42504D4E456467653E0A2020202020203C62706D6E64693A42504D4E456467652062706D6E456C656D656E743D227369642D46323637384431432D454532462D344130372D383739372D353341444241343546384331222069643D2242504D4E456467655F7369642D46323637384431432D454532462D344130372D383739372D353341444241343546384331223E0A20202020202020203C6F6D6764693A776179706F696E7420783D223438352E352220793D223130342E35223E3C2F6F6D6764693A776179706F696E743E0A20202020202020203C6F6D6764693A776179706F696E7420783D223438352E352220793D223139342E30223E3C2F6F6D6764693A776179706F696E743E0A20202020202020203C6F6D6764693A776179706F696E7420783D223838352E302220793D223139342E30223E3C2F6F6D6764693A776179706F696E743E0A2020202020203C2F62706D6E64693A42504D4E456467653E0A2020202020203C62706D6E64693A42504D4E456467652062706D6E456C656D656E743D227369642D63376635323132332D323463662D346636632D626662372D653739623331313734633365222069643D2242504D4E456467655F7369642D63376635323132332D323463662D346636632D626662372D653739623331313734633365223E0A20202020202020203C6F6D6764693A776179706F696E7420783D223431352E302220793D2238352E30223E3C2F6F6D6764693A776179706F696E743E0A20202020202020203C6F6D6764693A776179706F696E7420783D223436352E302220793D2238352E30223E3C2F6F6D6764693A776179706F696E743E0A2020202020203C2F62706D6E64693A42504D4E456467653E0A2020202020203C62706D6E64693A42504D4E456467652062706D6E456C656D656E743D227369642D64646332623264652D306239652D343231612D396338392D636166313565313332613332222069643D2242504D4E456467655F7369642D64646332623264652D306239652D343231612D396338392D636166313565313332613332223E0A20202020202020203C6F6D6764693A776179706F696E7420783D223134322E363536323436343435333132352220793D2238352E30223E3C2F6F6D6764693A776179706F696E743E0A20202020202020203C6F6D6764693A776179706F696E7420783D223136352E302220793D2238352E30223E3C2F6F6D6764693A776179706F696E743E0A2020202020203C2F62706D6E64693A42504D4E456467653E0A202020203C2F62706D6E64693A42504D4E506C616E653E0A20203C2F62706D6E64693A42504D4E4469616772616D3E0A3C2F62706D6E323A646566696E6974696F6E733E, 0);
INSERT INTO `act_ge_bytearray` (`ID_`, `REV_`, `NAME_`, `DEPLOYMENT_ID_`, `BYTES_`, `GENERATED_`) VALUES ('d1d97b41-8cee-11ee-963e-a668574e0bdd', 6, 'source-extra', NULL, 0x89504E470D0A1A0A0000000D49484452000003C3000001020806000000DA5E050E000000206348524D00007A26000080840000FA00000080E8000075300000EA6000003A98000017709CBA513C0000000467414D410000B18E7CFB5193000000017352474200AECE1CE900000006624B474400FF00FF00FFA0BDA793000000097048597300000EC400000EC401952B0E1B000020004944415478DAEDDD097854D5DDC7F13349206147C44A15152D16DC0AAF5AB5962AB5AE55AB5685C4E05A2DAF0F52418ABB155C8A45302875DF028209A205B42A0A2ABE621F455128710525B2250842C21A20C9BCFFDFCCBD7819329084AC93EFE7798EB3DD19C63327E79EFFD9AE730000000000000000000000000000000000000000000000000000000000000000000000000000000000000000000000000000000000000000000000000000000000000000000000000000000000000000000000000000000000000000000000000000000000000000000000000000000000000000000000000000000000000000000000000000000000000000000000000000000000000000000000000000000000000000000000000000000000000000000000000000000000000000000000000000000000000000000000000000000000000000000000000000000000000000000000000000000000000000000000000000000000000000000000009E105980C6201C0EA77DF7DD77D7AD5BB7AEDFA64D9BBA6DDCB831ADBCBC9C8CD9D30A20140AA7A5A5FDD0AC59B339DBB66D1BD5AB57AF772857942BCA1540BD41BD018060186800162F5EFCBFAB56AD1ABD65CB96969D3A7572EDDAB5736DDAB47149494964CE1E52036EC3860DCE1A756EE5CA955B4B4B4BBFD8BC7973BF33CE38238F7205CA1540BD41BD01806018A8274B962C99FAEDB7DF9E77E08107BAFDF6DB4F3DC7644A2D5AB162851A7B9BED6EC629A79C328D7205CA1540BD41BD01205125930568C80D0F4BE71D76D8616E9F7DF6A1E1510734C2B1F7DE7B375BB56AD5D9FDFAF55B307EFCF8AF2957A05C81F311F506F506008261A08E682A5A7E7EFE10353CDAB66DBBD3EB5B36AC74859F4F71855F4C73AB17BFE336AD5DEC525BFDC4A5A4B625F3F650F3E6CDDD5E7BED955A5050F0FBCCCCCC57274C98F03DE58A7245B902E723EA0DEA0D008986452E6870B43989D664692A5ABC86C7D24F9E711B567FE5CACBB6BA7079A9DBB4E61BB764EED3AE64DD7232B006B46AD5CA1D7CF0C1E5C9C9C90F51AE2857942B703EA2DEA0DE0040300CD401EDD2A9CD49B426AB226BBE7BCF956EDDB8D3F36A88AC5E3C8B0CAC219D3B77EE90929272E88C19334EA05C51AE2857E07C44BD41BD01806018A865BA5C8576E98CB7266BF32E7ADBD54B8F9AD3B163C742BBB9907245B9A25C81F311F506F506008261A096E9BA8DBA5C453CE1B26DF1DF1CE65A8F35E9273FF9C9FE76D39B7245B9A25C81F311F506F5068044934216A0A1D9B871639A769144FDB3DFE1A776B30FE50A942B703E02F5068044C3C8301A9CF2F272979444D16C101544F47748A15C817205CE47A0DE0040300CD4B3662DF68AFB5A4A2A3DF8A05C01A0DE0000100C23017538F04497D2BCD54ECF27376BE13A1CD48B0C02E50A00F5060080601889A7F53E87B9561DBB55F87C9B9F1C4106817205807A030040308CC454B66DF34ECF956E594FC6807205807A030040308CC4B375E32AB764EED36EC3AA2F767A6DE30F0BDD928F9F8C1C0350AE00506F0000088691108A577C620D8FA7DCA6B58BE31EB3A9E83B973FE751B776C97F5C986B3C827205807A030010075BD4A3C153CFFACAAF5F8BF4B4574679D9D6C8F1EB577DE17EF2F3DFBBB4C8A50901CA1500EA0D00C08F18194683A79EF5CA363C82D463FFDD478F9381A05C01A0DE0000100CA3F151CF7A7585CB4BC94050AED0685C71C515EDC905EA0D807A03A81B4C934683D7FDD47BC80450AE90F0EEB8E38E7E0B172E7C6EF8F0E157DC79E79DE3C811EA0D2081EB0D05F0EA21DAC0AF88FAC4C8300000F5EC6F7FFB5BC6B265CBC69D75D6592E3F3FFF995B6FBDF58AC614237A0D5B004DA7DE38C7D215BB49E7C704BF5D02E94E4B17C53C473D823AC7C8300000F568E8D0A1172E59B2E4B9810307261D7DF4D1AE478F1E4963C78E7D6AF0E0C15BB3B2B29EAF83AF30A8128DD07C4BD9DE7DBFE1EABBC9D21B96E6059EFBD25221BF2E90B0F5C6104BC377738C02DEA9DEFD13BCD4C37B3CDFAB47B2028F675B9AC9AF8BBAC4C8300000F544233BAB57AF7EC11AB4C96AD08A356ADDF5D75F9FBC76EDDAF1D6B0BDA40EBEC6F59666ED2229B0BD3C70BC1AB05DBDF75D686992A5224BFD2DF5F55E6FCDAF0B2474BD21F3BCBAA04B056951E0B88E964ABCFA6492573FF8F54B6BEF39DD2FF58E05088601004864C3870FBF7CE9D2A513AEBBEEBA24BF41EB3BEAA8A3DCA04183220DDB0103065C50075F27DF52EF38E9CBC071477A0D5D355AF3BC8670F0B5AFBCFBA7BA1D478F01245EBD51EAD51D15A592C07129812039CDD2C4C0E389DE73FE6366ADA24E51E06A58381C4E5BB060C1E59F7EFAE9250505053D57AC58D172DDBA75292525252E252525DCA64D9B6D1D3A7458DEB66DDBFFD8E177DF74D34D5F916B00D0F41AB45AE377FDF5D7276944A7227AFE861B6E481E3D7AF4A4CB2EBBECE2F1E3C74FABC5AFA491DD5981C7AB5D74639BB498E3567B0DDD34EFF6ADC06B03BDDBF6DEE715F14B03095D6FA88ED00870EF98E7677B75854F4B26B22D4D71D1E9D01539C2D2C5FCCA20186EC441F0BFFEF5AF27EEB9E79E8C1F7EF821E5B0C30E73BD7BF776071C7080B3E0D7A5A5A5390B8843EBD7AF6FBE74E9D283F3F2F20EFEE4934F2E193C78F0928D1B37DEF3C4134F3C452E02409368D066EEAE41EBD348CF9021439A8D1A35EA85CB2FBFFC8FE3C68D7BB5168361A5F3639E5703B634A651ABB4C0D2C73141F246EFFECF2C5DCA2F0D247CBD215D2C7573D17D03E40CEF765105C7EE6A6F02A6478360B8B1FAE0830FAEBAF7DE7B1F292E2E4E4D4F4F8FF4CA252727EF749C0262A57DF6D9C7696ACB65975D169A3F7FFE41B9B9B98FF5EFDF7FC89A356BCE9D3C79F22272140012D3A04183CE5FBC78F1386D7AB3BB066DB061FBD7BFFEB5F9FDF7DF3F252323E30F393939D36BF86BF923383D2DA5061AB5977B0DDDD955FC3C2EA80B247EBD11A4598EB302C1F1AE64C779FE647E69D407D60CEF8170389C326DDAB4B7B3B3B39FB6CA2975C488119120B7A240381E556AF6BEE40B2EB8A07B9B366DFEFBE73FFFF96A721600128F46768A8A8A5E0C6E7A53596AD80E1D3AB4594A4ACA94BE7DFB9E53C35F6D43058D5AA5EF7611DC6A147978204D0ABC0F40E2D71B41BF763F5E4EE9D7BB38EED5C07137B91D2FC3F42ABF3608861B5920FCEEBBEFFE67E6CC99BFBDE1861BDC39E79C53A52038D619679CA1DD015B2425253D74F5D5570F2087012071DC71C71DFDF2F3F3C757A7411B6CD80E193224AD79F3E6936BB1617B9EA5615EDAD5488DD621F673D16B8DEA122B1A55EEE2A537F8C58126536F6896A9BF97809236C4AA6814BAB3A5BDBDFB1F589A6B697F4BF7B868279AD60C9FCAAF0E82E146E2E5975F7EF3A5975EFAA55554EED0430FAD91CF3CE8A083DC5D77DDA580F8BE8C8C8C7EE4320024468376D9B265E3B4D6AFBA0D5A9F66130D1D3AB4361BB6EFBBE83446A52BDD8EEB827DBDBD46AD1AC1DA695A9B689D6D69828B8E18FFCE0B9401247EBDA15DE51F743B5E8AADA280F939B7E3E8EF535EE0AC4B2BDDEDA21BF069B498B5C320186EE8B446F8F5D75FFFEDC0810323EB7F6B923EEFD65B6F6DDDAC59B3B116107727B701A0F1D21447BF415BD9B57EBBE34D7D4CB3F3C40B769E38B306BFEE742FA0CD773F5E1A450DD32E8163D470BDDFD2D3DEE34E2E7AAD513DD6659634B3E95AAF51DB951200246CBDA1D160ED2AEF6FAAE7539D31C2D2B35EB0EB3FF7B88BEE3FA07A46D7247FC7D29D96722C8D73D1E51A83F9F551D7D840AB8AB46BF4DD77DFFDE8D9679F5D6323C2B13442DCB76FDFD4E79F7F5E15C9AFC87500687C2ADAF4A6A8A8C85D7BEDB53B1DFBD0430FEDD0B9BA69D326F7A73FFD69A7E31E7EF8E1C8150AD4B0BDF1C61B5B8C1C39F2256BD85EB8879BE394061AB52E26F0F54778FF116837A8C1AACD1E73BD46EDEFBCD7143C3FE87DDEB96EC74BAB0048AC7A23DE659034527C65CC73855E7D219A227DC12EDE0BD4294686AB68EAD4A94FEBF2485AE35B9B7EFFFBDFB768D7AEDDC14C970680C627DEA637EDDBB78F346A5BB66CF9E3893829C93DF6D8633BBCFF89279E70CD9A35DBFE78AFBDF672FDFAF58B34687DDE6EB12DEDFD2FEEE1D4C7D3BC40369602DE615EF21BCD9A06EDEF2EFDA517185FE925B5D6FFEDBD96EF76DC980B4062D51B00C17053A351E1BCBCBC3EBA7C52B0B2A92DFDFBF7DFCB2AAB46B79996E5CFED16C49FDFBB776F661ED490D5AB57BBD252AE5642D9AA5849490999D080CA9535682FDFD5A637279D7492FBE94F7FBAFD717979B95BBC78B1FBF8E3E8F2DCAFBEFACA2D58B0C06DDBB62DF2382525C5B56DDBD69D79E6CE331B357274E38D376AB7D85C1AB6D419D41B8D3A10A6DE00EA0127872AB04AE6F2EFBFFF3EA5A6D66FECCE2F7EF18BE6A9A9A907DBC9BC4B6E6E6E7E23CAAABBC3E1B0EBD4A9D346AB64A75A403FC102B9D993274F6EB0A304EA71BDE0820BDCE9A79FBED36B679D75967BFDF5D7DDCA952BDD1B6F443749552FAD4E4CC5C5C591C7975E7AA97BEEB9E722F7DBB56B1779BD22C3860D73279E786285FF8ECC9F3FDFDD77DF7DEED9679F751B366C701B376E8C3C7FF3CD37BBDB6FBFDDB56EDD3AF278DF7DF78D5CB3BA098A942DFBFF5F6F7F17D342A1D0C4865CB6EEBEFB6E77CC31C768A647E4B17AED3FFAE8A3EDAF5F7DF5D5EEF8E38FDFE97DE3C78F77DF7DF79D3650A9D4BF73CD35D7A8A7DFEDAA6E52F99E32658A9B3B77AEFBECB3CF749D73B77CF972F7CC33CF54FADFA15C55BA41FBCCEED6FA5D77DD75EEB6DB6E8B4C6B94CD9B37BBA79E7ACA75EBD6CD8D1D3B76FBF3A2D1A03FFFF9CF71AF58A07385356CDDC89123732DF0BBA896AF27DA687F5B3B1FBDDCD0CF470A68C68C19E31E7DF451F7E1871FBA37DF7C73A7637EFDEB5FBB534E3925D249AA63AD9D50E1676DD9B2C5DD73CF3DD41BB5D7D112F6EE2A1A7DD8CEC953B3B3B38BF62010A6DE0008861BB64F3FFDF41255527B7209A5AA3AEAA8A30AED847891DD1DD508B3AC95352A33AD21926979566C278E97EDF1F376E29E65278C06D325ADB538858585EEFEFBEF773FFBD9CF22E9FFFEEFFFDCDB6FBF1D095E8323B29D3B7776CB962D7376D288ACED7EF9E59723CFEBFD0A60962C59E20E3CF0C0ED8D0405347ABF7A684501AEFE3D3DBFFD8FD05EDB7FFFFD23F755BED44051707DF1C517471A46F2CD37DFB87FFDEB5FDBDF73C9259744BE675365E5A88DDDF4B3B2D5CFCAD65A6BE4BE628DDC9C8652B6AEBCF2CAC8EFAACE8D3973E6441A93871C7288FBF6DB6FDD15575C1129476AD4F89D1BFA9DD5D9E2FBFAEBAF238F550E7DEA6451F950D951078D5F66449D262A373AC6A7F7AB13C73F4E65CF3FD62F7F2A9B2AB3A89972F5B7BFFD2DA3320D5AE9D4A95364C446BF911AB4A286ECBDF7DEEBD6AD5BB7FDB8366DDAB85FFDEA5791F2B32B6AD80E1D3AB4CCEAB11CFBDE974E9A34E9DFFCA23BFDB691F391FDA645763E9A6ACF4D6A68E72305C10A72B3B2B2227FD32A27A2F381CE3BAA57FCBF73FD2DEBDCA00ED48AA803D547BD51AB8EB5F46C4949C99356AEB401DDC3B9B9B91F57F6CDD41B00C170A3515050D0B377EFDE75FA6F1E7FFCF1ED2D183EB99106C3413ADB5E6A0D914BED84B1D94E1893AC2132CDF2F4DFB366CDAAD7F9BFB7DC724BA4D1A0938C0214F5B44B6CA787466395060D1A146940FCF39FFFDCFE9AA69BA971A0A05801907AEDD57B1F0C9045AF6934D90F72638367D17B15E86AE457273C357ED420F11B1F3AB935E540B8027B5959BACCCAD665F63B6CB2B2F5427D972D75ACBCF6DA6BEEC9279F8C3CD608B135382233101408FB1D24471C7144E4F551A3A27FDE7E3951F950A7C9BBEFBE1B79AC32A3B23363C68CC863952DFFB345A334FAACE028B3CAA8FE1D8DE8E8BBA821ABEF11AFB1A55128FD0DA89307552F57F6FB5E687FA3CF0537BDD99D3FFEF18F91DFD86FD46A7AA3FECE359219EC2CEBD3A74FA53ECFFEDD1643860C29B7F2F4BC356C2FA1611B3730D6D49D2B2C9FAF6828758668E6887E6FCD32D2D52A5E78E1851D82D0E79F7F3E721B3C5FA85E8837FAAB91DC20EA8D5A55A66683CA959295A9D956BE1E6ED1A2C5D45D75B6506F0004C38DCA8A152B5AD675856F818F764BE8996059D9C26F88D8495423C6D3AD21925DD73DF43AE16B8AD82F7FF9CBC854563F28D1A8AC02DE8AA881A0205553A435DDD99FAA7CDA69A7451A191AC9D3492AD8B8D0E7E9783F283AF9E493B73FF68F17F5F0ABE1A1C05AD36AF55823D3E24F93F669E4A063472EC55781967ED9DA77DF7D8B32323234ED6B9CCA565D7E09FD361A0DFEC31FFE102967DF7FFFFDF6D901A2911C95BDA06039899D26ADFB9A52ED77CA9C7BEEB991466BB041ACE7FD5124D1317AAE55AB5691A98D0AA475AB72A58693CA9E3FEB41C1B7CA5AEC662CD87DB9529DA5911DAF419B5C95EB81AAC34D418F3A4FFC2511C106AD965B5C75D5553B6C9AB33BFFF33FFFD3EAC61B6FDC3072E4481AB655FC6DEBF37CA4BFF9CF3FFF3C5267A8D34C23C49A793461C284C8B2194D5756479AEA8960301C1BE0C69EE314F06A2611F546AD0BF69E975BEA65E5A8979DCF375899CA2E2B2B7B70F2E4C98B826F68A8F5867D5F35800EE4276D72B21BD9924C82E1FAB06EDDBA94786B416B4BBB76EDB4677EE484ACB5C32EDAEB98483462DCD72AF2BE0A02ADF1F6CDAA55ABEAACF1A1B54FEA3DD7F4339F4EEE1A95AB881A023FFCF0833BFCF0C323EB74FC40D6EF3DD71A2D9DD482818F4E58FE7A627FDAACFF5823C9C71D77DCF6868BA6602B205730EC8F0288FE3D7D5F5F30A0AE4D0ABA3FF9E41395BD618DAD6069F4C7CA55BAFE7454B6AC211299FA57DBA3EA6A34BEFFFEFB9106A61AA96AE0EEBDF7DE3B4C735799EBDA35FE2558D5F31F6FC33475C0A81ED2D4463588446BC5548EFC4E18759EE8181DABA4E05CEB0AD599A7B2AAF29D9F9FBF7D2AB71AC86A70D755675F22952B0B34565A83761F8DEC54A541EBD35A3FEDEEAA7A411BE2F8B453AC829F638F3DB6CA9FD9A3478FD643870E5DF38F7FFC43531FB5067A1167F0EA9D8F0A0A0AEAE41F5610ACA0557F93FAFBD06C208DECA90ED1DFA5965E68E94E707DB08ED5C8ACCE310A6083FCD94A5A73AC6056C736F67A43BF454CBDA139DC3B5DBECB7EBF122BF3B19709D3DF5491FD8DED7472B740B5C4CE0F8535F855839BD36A2DCC7516C05E67DFFB55FB5E4F59DD3EB37BF7EEE72F5DBA745C03AD371EB187A954074DD2B0A6F83F4D305C053AB9D4F5A645DEBFE7FFA30A84EF4CE43CB613C5CF54B95F78E185B5FE6FA9E7540189025ABFA75DEBB2344D39B856334823C883070F8EF49EAB51A1A0545E79E595EDF7D5A31EA4E9B1951919D6C94DC90F94F59DFCB5A73E0548BFF9CD6FEA241096F7DE7B4F6BE55D22943BADA7D2B4434D8BAF6D0A8433323222F7FD866630B85560AECB5DF8D3E063F96B8977458DD360678CEA0A7F77D8E0FAE3488BD11AD6EAC45179D2BAC15FFCE2179106B2DEA74E1D4D87ACCBBA2D91CA953544F7D5084C751AB43E95050535310DFAC8686075F5ECD9B383358AD72D5BB62C93B377F5CF470ABE2C28AEF57F4B1DA93AFFF8B45C47FB0BF82ADAAB449D7B3AF704F7A0F06954599FA71945C13AA631D71B1F7CF041A5EA0DFBDDE2FDAD56F8BCF2565709A9802AED42EF365675AEA17DB6FD5D9FAD7F6FE1C285EE84134E6890F58605D2851F7FFCB1A60BE8DAE26C399EF8EE6CEA1940305C05A9A9A9613B6984EAB2F2DFBC79B3CE4EFEEE16D989F2876527AB6DDEB49E6631CF7F6B15F121F5F5C5FDCD42E251A0AA8683A648C7BB2C853F6DA926689431B81E4C23C9FE7AE3BAA0C05B0D1F6B800C6F4495F6162B5B569442CD834FEA121375D1C9A291678D9A28E00DD2088F3F03418D584D6FD4484FBC9DC5774723385DBA74D97E5F2343FEE360878C4686342D5BE55523481AA90E96217F7D7A5D4AA472959494B4CAFEE6F7B6DF3CA9BA571AD02C1035E083531D35C2336DDAB4C8AC90EAB0BC5D6981702BFBCC894D7C64B832BFAD829D707D9E8FF4F7EBEF09200A40D5F91A5B8F0483DA8A82609F669F68B4599DCBFA1BF737C46ACCF58682C7987A435FB86305ED8B342BF79D629FB7E7DA7BEBC563E97FA4539C3672E7385FA7CB9EFEFFE8B7D1B9A2A1D51B73E7CE6D699F7B16BB4B370D5E4750930E880986ABC01AD3DB8A8A8A9A07D7D7D436FBF774ED9EC845E3BCB9FCC31AC11F56BC3F2A05C0E556C9A6DA6D33EFE454648F67EA5226A9A9A9D3B546EBAAABAE0AD7F577D65A608DE0067B69CBCACA763A4E1B6C690AB37AC4359DD96F0C2848F5477445D362FDCD912A3B4DBAC2165A6969645A9A4FBDF47549D3E4942737DD74D3B0065EB6B48D6673AF5193EA351076285B175F7CF1E69FFFFCE775F23DD5100DAE01D69AF2589A81A0119AEA06C395A57F47FF86BEC3AED699ABE3459D417571E9B8442A57AAB36EBDF5D63E595959397FF9CB5FAA3CE55101C67FFFFBDF9D46AD54FFA8E1AF6B885675CAA31AB456EFB4B0EF9AD1D4D70CEFEA7CE4DD36F3DB42F57D3ED2F20A95059D3B34F3C8DFCB22D213B365CB0EC7EA6FD53F37E8BCA073CE0E3D3776BCFF7AEC14EAC65A6FE81ABB75596FE8DAD4FBEFBF7F27FB5BACA8ADAC4CF9680F3E3ECFDA942F5BBD717343AB37EC3333ADDE201006C13076D6BE7DFB2556C974ADCB6078C18205DFB8E82E858D95B63B546DAD1EDC66DEF4250DBFAAA29DD4A2458B99D5BD2E5F4D52A343A374A2CDB3B46EB8A20684825FF59E2B180E06BFFE065AB1D433AFEBFCF99F153B4D5AD3D21410C7D2C94C273BF5CA6B4A69B00154DD1EDF04546C8DD7642B539A53DCD6CFA278652B33B361CC16D56FFBD65B6F452E9F14BCCC4955A9A1EB4F77F41BBDFE5AF7E074C78AA6618BD62506779B55A3568FEBEA3AEA8952AEE4EF7FFFFB0B566F6C1D3B76EC8B769B5CD93C54C355BBD20767A404477AB48BB8D664EA6FBEB29BE1582378E5030F3CE03768D93C2B26CB2D6FB7581EB7743F8E023798F391668B68C32C8DCAFAB348F4589DB55A97ABF38E7DBFC8F30A98FD0E57AD0156F0ACA53F3E9D3734A5997AA3FABC9DC597C5AB82E34CADAE48A195B95956F6DE484E4E9E3971E2C4ED9F69F5C547D41B00C170A3D1B66DDB77F3F2F2BA06770AAE6DFFF9CF7F54BBBDDB88B3AD45A0C1F1A2A5572DA0FC7743BAAEA33619F1A79BE9D6F23C327D2C76B3343514B46188D6682970D61A2AF59EFB97A6F0D7196B3457418ED6FFEEEEE4E65FAEC9A7F7EADFD14EC39A1EADDE7E3FC85660ACD7821B693571ED029D2B0DAE6C05670404A7176A431A35343512A0CE925DD1066F7AAF1AA0C1C6A9D6EE69CD9EBF714D6C278B36DEA9A833478D5ECD4ED04ED72B56AC88946135A8FC72AFE9FFA85EB91A3366CC546BD05E64B72F567677586DAAA66B84FA9A356BE6F6DB6FBFC86FA3CBA5886EB5D63DB87E349EAFBFFEBA202B2B2B8D066D5CC95E20DC60CF4723468C88ACF5F5F71850E0AAC0C7DF5D5A758ACE09C17D05B411967FD9369D93E205B2D41B75668395B30F14FC262525CDB43CCB8B77C92EEA0D8060B851292E2E1E6195FF9565656549156D66510B4A162E5CD8DD6E0734C6FCD29433BB99652703FF1224450DED3BEAC4A35E77AD8D52E3430D013FF8D408B17A58FD86C2A2458B229B91F81B5D698324350414AC28C0F17BDBFD46454576B731921A316AF46884408201B946ABFDE9DC4D5D432F5BFA9DD571E27786A831A9A432A6DF3476C446D3B735B2535179D0D449096EFC15DB59A32991C135EC2A9FC1805A9765D254478D38A911AB75885AF3A7EFA369FBEA78D177A8AB8DD912B55CA9613B60C0808B1F7AE8A1497FF9CB5F9AEDAA61AB1921D3A74FDFA151DBA2450B77DB6DB74576F55DB3664DE4B9F5EBD747360ED26FA36B8CC7A3298EA3468D6A67FF0F34681BE9F9C8FFDBD648AF824F75BCEA9CA41161D529EA785547AC1EC79E631410FBC1B43A66FD7348EC67536FD40ACDDEFBAFA59755C6D2D2D23EA84A070BF50650BF426441D5DC70C30D8B3233337FB6273B0056969D80263EFBECB307E5E6E6FEA631E5517A7AFAEDA15028DF1A1C2F56A7C77DC68C19614EAE0D871A56A79D765AA8B1972DCA15E5AAB6EAAC5816A89C6A0DE257AFBFFEFAE6F1CE15EADCD214537F0450D319B5A442B34CBEF8E20B3772E4C8ED814AF3E6CD234191029D8A3A62FDB57E76F7F29C9C9CA9942ECE47D41B7553B6ECE64BFB5BAF91E9F5D41BA8A7723CCC4537D01A6EF1C6B0A698078C0C57517171F12DCF9B1E3D7AA4D4F2E870D1B871E30EB793F8038D2D8FEC8FE91E4A0A285B68AAE5EA85175E9899919171DED8B163A70C1C38302DB6613B7BF6ECC835C58397DBD2D4557F09CE61871D1699D2AA4D70B441CED6AD5B23BBD46B844E53548358EB479D01EA0DEA0DA0FA92C882AA79FAE9A7276FD8B0E10B5D1FB4368D1A35EA25ABA436161414E492EB00D0B8E8B2245BB66CB960CC9831259AF2EAD374F9871F7E78A74BB0697427A87FFFFE3BEC14ABE98FDA2FC09F06291AD95183D6EEF6A5410B506F506F0055C7C87035141717FF61CA94299F77EBD6ADC5A1871E5AE39FBF60C18297E7CE9D7B762814FA6DBC4D1700000DBF61DBA74F9F73478F1EFDCAA0418322233D5AB3E9EF14BC2B9AFEB8ABE3FC911D3568B91E2840BD41BD01540F23C3D5A0EBFD6EDDBAF51AABA836AD5AB5AA463F7BF9F2E5EFDF77DF7D3D2D101E6A15D597E43600345E9AFAB865CB967335D23377EEDC1AB94C9E1AB4595959CD35C591062D40BD41BD01100CD7B90913264CDCB061C3C0DB6FBF7DC3C2850B6BE43335227CE38D371E505656F6A8555413C8650048A886ED963D6DD8FA531CED3C7119531C01EA0DEA0D8060B8DE4C9C38F199E2E2E26BEEBAEBAE75D3A64DDBA80BA15753915552D97FFFFBDF8F2B2F2FBFD32AAAFBC85D0048AC86AD9D232E54C376DEBC79D53A596864C7DBFD95B57E00F506F50640305CFFAC62C92D2D2DED6115D68703060C58F9E9A79F6EAEC2DB4B66CC98917BE9A5972EFAE8A38FBA6A8D706E6E6E36B90A0089475313D5B01D356A94A63E6EADCA7B839BDE30C511A0DEA0DE006A061B68D500AD21B69BDFA5A7A75F6495D5B5CD9B373FAA7BF7EEAB7AF5EAD5FAE0830F6EDEA143874E6969696EF3E6CD2B8B8A8A8A3FFFFCF385B367CF4E5EB8706137ABE03ADB7B1F2E2C2C9CC066590090F80DDB3E7DFA9C9F95953575F0E0C1EE98638E695E9906AD4676BCCBA0D0A005A837A8370082E1061914BF68372F666666769E3F7FFE45F3E6CDFBB53D3ED692AE809E66A99DA56D96C296DEB274AD174803009A084D7D54C3F681071E98620DDB6DC71E7B6CAB78C77EFDF5D705A3468DD2B983EB8102D41BD41B00C170C33771E2C4657633C64B0000ECD4B0CDC8C8B8382B2BEBA52143701A3D46000011EE4944415486AC3BFAE8A3DBC61EE3EDFE9A160E87B5FBEB54720DA0DEA0DE006A166B860100A8079AFA585A5A7ADEE8D1A3431F7DF4D1BAE06BC1DD5F69D002A0DE000886134547B7E3887C6BC7083D0034491AE9B186ED1FC78C19139A3367CE5ABF411B58EBC7144700BBAD37DE79E79DD523478E6C1F0E8707536F00954710B6E7BA5BEAB48BD7B55EF883C0E3B196AEB4E46F96F5574BAAB43E262B01A069366CFBF4E9F3C7ACACAC299D3B775EB76CD9B256D6A0CDA0410B6077F58605C42FF5EAD56BD97BEFBDB78F3D9D6AE9407207A83C46866B2618EE6DE94E4B977BF7CFB394E5DD3F21E6F88E5E80EC3BDED23C4BFDC84A0068BA0D5B0B80A75920DC56B704C2002A536FD84D5F0B843B5BBDF1223902100CD707ADC91866E95D4BE3BCFB0F7A01AEEEFB9B689D6A29C752574B532C9DE9A23B4DEBB8522F40BE9AEC0480A629140A2D0ADE02C0EE680D715A5ADA5ED41B00C17043A7DEBB8996865B7AC992AE2F7C9BA5AF2CFDAF255D866984DBF5946B00000060BBECECEC227201A81ED60CEF1905AE5A03BCC1524F179DF2ACA9D2ADBDC7CF7A79AC2078BAF7FA38EF98CF2CBD6169B59734BD659AF73E2E8E0E0000000004C30D56A1A58BBDFBC32CCDF25217175D437C654C5E9F63E971179D2A7D87A5E7DC8F1B69897AF60693AD000000004030DC581C63E9B15DBC5EEA05CE93BD80D97F2E1830BF43360200000040ED63CD70CDD06658F92E3A52BC2BCB5C74A3ACAEDE7B0000000000F58091E13D93E6A2D3A17B59BA6037C76A7DB1D6106B032D5D53581B687571D1E9D5000000000082E14643A3BCDF58BAD74537D1F2E9FEDC0A02E77FB81FA7487FE9A5ECC031DDC85200008026A59FA5EB63DA92B1DABBE80CC373C92E8060B82179AA82E7B43BF43F639ECBF752D0B5318F33C84E00A0310BA0C9B5C71F763B0E90C41AE67E1C500140300C00008D590009E504179D4DE8D37E345F922D00C1309A88A4A4A470797979C86EC98C7A66BFC37776B33FE50A942B1AB39C8F40BD51276E733F2EB56BE7A2334AAEA4040004C36822D2D2D2BE5FBF7EFDBEEDDAB52333EAD9DAB56BF3EC6615E50A942B1AB39C8F40BD5127B4D46E9877BF8B8B6ED40AA096D0D58906A759B366B38B8B8BC98806A0B0B0709D4B90699D942BCA553D3466951EE417A7DE00F506008261A0524A4A4A46DA496F5B381C2633EA57FE9A356B7AD8ED4B942B50AEC0F908D41B75A2A3FBB133ED7A7E7A8060184DCC49279D34C71A1EFF5DB1620599518FF2F2F266D8EFB0E2B4D34EFB807205CA158D59CE47A0DEA813A35D74045C699AF71800C1309A92CD9B37F7CBCFCFDFB46EDD3A32A31EAC5DBB76DA9A356BCE2D2F2F1F4CB902E58AC62CE723EA0DEA8D3A332B26E5510A0082613431679C71C69776E23BEFF3CF3F2FA60152F70D8FBCBCBCA342A1D035F63BE451AE40B9A231CBF9887A837AA356E9FAE4032CBDB38B749E63A60950E3D84D1A0DD6A9A79E3AD35C347FFEFC970E3AE8A0D2030E38A0839D10C998DA93AFA968EA8157C3C3F2FFDF942B50AEAAD498BDC9D2E5BB3846BB4AF7706C0244BD01EA8D1DBDE82500752C992C4043367EFCF86F333333A7161717F758BE7C79DB2D5BB67C9D9494144A4D4D6D4D4364CFE9BA8DD6D8787FF1E2C573BFFAEAABBD376FDE9C62CF659E7EFAE9B32957A05C55C9E7969EB4346E17E9714B93E27DC091471ED9DB6E94DEB5408080997A837AA3099C8F2AA04EB39238CFF7B2F42DF5076A0AE586916134029AA2A69B37DF7CB3674141C185967A7B27853472678FEDEFA2D76DFCC2D2434D647312CA15E5AA2E1AB345719E3FD6D24C8A08F506A83702AEB334D552A1A5572C0DB7D4D5526EA02ED1F5CBBFA2980004C368A24E3FFDF47976338F9C00E50A346641BD8104A20EB227BDBAE225AF6C75B134C5D21B9696593AD2D22D641540300C00008D59008942330EEEF5EA8B6B5C740F82A7BCF4BA8BCE2839D852295905D42C76930600A0E61AB3A77A0DD8D5DEED6F2D9D6C29CBD2C5346601C471BD57878CF51E9F60E939AF6EB9D2D2B38E412C80601800001AB3001248774B8B2C8D71D11925EA543BCFAB4F747D65EDA6FDA1A5ABC92A80601800001AB30012853ACCEEF0EEDFE2D5250F5BEAE4A2CB2B3A5A7ACC7B0CA006D1430D0040CD37660BBDE7BA7AE7DA42AF31FB57B20A408C7417BD4EF9322F102E76D1DDB553BCE7BA78F7E7925500C1300000346601240A5D9AEB4117DD7D5E7545674B175A9A68A9A78B5EA75CF5CA3B9646915D40CD619A34000035D798D526598F5B9AEDA29B65A911FB838B5E6A29C3D2D9641580384EF0EA923C175D56211F5BEAE7A29D6943C92280601800001AB300128DF61ED088F0DDDEED06AFFE38DE453BD73E268B809AC5346900006AB631ABE9D19DBC34DC0B8C6FA3310B208EE9DE6D619CD71F278B008261000068CC02483485BB797D2A5904100C03004063160000D408D60C030000000008860100000000201806000000008060180000000000826100000000000886010000000020180600000000806018000000000082610000000000088601000000002018060000000080601800000000008261000000000008860100000000201806000000008060180000000040300C0000000000C130000000000004C30000000000100C030000000040300C0000000000C130000000000004C30000000000100C030000000040300C0000000000C13000000000003527852C0000000080C4D5B76FDF9B43A1D088382FDF999E9E7E67F089DCDCDC5053C817468601000000209183BEA4A479E402C130000000003429393939D3ED665D250F5F46300C000000004808E5E5E52FEEE690ADFA4F381C9E4E300C00000000481439BB7AD182E032DD8642A18904C3000000008084D0B265CBD976B326DEEB1604B7B09BD5858585B30986010000000009213B3BBBC46E5EADE8B570385CEADD4E9D356B5629C1300000000020913C13E7F9F248709894F45253CA0C8261000000006802BC29D01B639F0F8542CDED66594141C14C8261000000004042F1A6403F1BF37464E32CED22DD94A648130C0300000040136241EF1B318FC3DEDDB79A5A5E100C030000004013B172E54A5D477895FF38140AA5D8CDEAF2F2F27F130C0300000000129237157A7ACCD3D3274F9EBC8160180000000090C876D8553A140ABDD41433816018000000009A90B4B4B40F828F5353536735C57C48A128000000004062CBCCCCEC5C5A5A7A7E28143AB9A4A4A4A78B5E5B5883A3617BFC69DFBE7DE7D96BEF272727E74E9C387119C13000000000A0D1CAC8C838DF6E069497979FE45D4F3856C852177BAD8BDD9E5F5656767F7A7AFA2C7BFC744E4ECE0482610000000040A36101AD02DCC7C2E1F019D5787B6F7B5F6FFB8CFE161C5F3979F2E44504C3000000008006AD6FDFBEE94949498F949797EFE53F979C9CEC8E3CF24877FCF1C7BBAE5DBBBAF6EDDBBB366DDAB84D9B36B9A2A222979F9FEFE6CC99E33EF9E413B76DDB36FF6DBDEC7D9F6664645C9B88A3C404C300000000903881F03916084FB04038D90F82CF3AEB2C77FAE9A7BB7DF6D967A7E35BB66C1949FBEDB79F3BF1C4132381F1ABAFBEEA5E7FFD75575656A6435A87C3E1E72C204EB380F8A944CA2B76930600000080C4088435223CD582D74820AC0077C48811DA3CABC240B8221A31D6F17ADF01071CB0FD79FBCC272D20EE47300C000000006830B446383939F9113F10EED6AD9B1B366CD80E016D55E87D7AFF51471D150C881FB580B83BC13000000000A061047649494FF96B8435223C64C890C89AE03DA1E9D383060D0A06D49A32FD24C13000000000A0DEE9F2491608FF4EF7B5465801EC9E06C2C18078E0C08191CFF5F44A94E9D204C300000000508FD2D3D3675A8039A277EFDE69D5FC8801FE1D6D9655DDA9D1F1E8F3CE39E79CED8FC3E170FF44C87776930600000080FAF53B0B307FB7EFBEFBDE6C81F1527BFC4428147A32272767E5EEDE989999D9B9BCBCFCB7BAEFEF1C5D1BCE3CF34CF7DA6BAFF9975DEAA535CAB9B9B9F904C300000000803D6201B06E34AC7BB705C7776564642CB1DBA7D2D2D2FE999D9D5D54D17B4A4B4BCFB7F745E630F7E8D1C375E8D0A156BE9B76993EFAE8A3DD871F7EE83F7591A55104C300000000801A8D8D2D103E4881714949C9DDE9E9E98B2DE89D545050307CD6AC59258100FA64FFFE71C71D57AB5F489F1F08864F26180600000000D4B6832D38BEB953A74E375960BCC21E3FA611630B947BFA071C72C821B5FA05BA74E9127CD8B3B16728C13000000DCB9DD6C82117005445EF40FDD19BEC48789A4BBDBFF3468C832F682A736D8AF9FC8E04C30000A0C60362B20040359D4C16345D357539A5787499A580B4C69E5F04C30000340CD9640180EA0887C3ED43A1504F72A251AB914E8CF5EBD7D76A40BC69D3A6E0C31282610000B0C7BCCB530C232700A0E9494F4F0FC77B2D1C0EFBBB4CFB8FC3F678B9A509A9A9A9FF282929F9C89EEEAAD78A8A8A6A3518D6E707AC26180600000000D40A2F1056B0BCDCE2E049AD5BB71EFBF4D34F7F1708A4E7F9C1F0B7DF7EEB0E38E0805AFB2EF9F9F9C187F308860100000000354D01F03716004F6BD1A2C53DF1AE336CAFBF6B01B3AEF9EBE6CC99E34E3EB9F6968DEBF303DE25180600000000EC79F41B9D025D68695CCB962D1F0B8E00C70DE85252A696959565E9EEFCF9F3DD9A356B5C870E1D6AFCBB698AF4DCB97315A0FB73B65F24180600000000EC89B72C2D6CD1A2C52DF14680E3993871E2B28C8C8C5916479F6A41B17BFDF5D75D6666668D7FC1E9D3A7BBD2D2523F109EEDED7541300C00000000A81E0B2C4FDDC38F78D852E433140C9F74D24935BA7678E9D2A5EE95575ED93E2A1C0A851E4F847C4FA2E80100000040E395939333D56E66E9BE4687C78C1913B9CC524DD0E5941E7CF0C1B2F2F2F2EDA3C2050505B904C3000000008086E04AE75DEE68C58A156EF4E8D17B1C102B10B6C03ABC7CF9F264EFA90DA150E89A59B3669526428625536600000000A071CBCBCB2B3AE28823965AB07ABE3D4CFAE1871FB4E1953BFCF0C35DBB76EDAAFC799A1A7DDF7DF7952D5AB468FB00AA7DF69F727272DE4E943C2318060000008004F0D9679FE51D79E4914BEDEE390A883532FCF6DB6FBBCD9B37BB030F3CD0A5A5A5EDF633B46BF4D4A953DD238F3C125EB76EDDF640381C0EDF929B9BFB4822E5578822030000000089A36FDFBEE976F36828146AEF3F979C9CEC7AF4E8E18E3BEE3877C82187B8F6EDDBBB366DDA44A6422B00CECFCF8F8C245B2ADFB2654B7039ED064B032D10CE4EB47C2218060000008004939E9EDEC582E12775C9A53DF898D95A239C9393F36522E611C13000000000246E507C9105B4FD2D28EEED2A7F69DDD9969E2E2C2C9C90289B65110C030000004013949999D9B9BCBCFC220B8A7F6D0F8FB5D4C992161197B8E82ED4F32CBD6BE9C5DCDCDC7C720C000000000000000000001A818AB68EEE5489F7756A2A19944419010000008084935341409C15F33825CEFB5C258E6BF45228230000000090508EB4A41DA0B51EF8044BDDBDE73B5BBAC2BB9F67A9B5A5CB63DEAB639F8D796E9CA55904C3000000008086ACBFA5E196CEF41EE77BB71B02F7B569D6C75E507C64E0BD3DBDE0D70582E6D58998494C930600000080C4A16056A3C1232CDD69E9032F00CE0F04C34A85DEF10A84332D75F1525AE07E664CA09C5092292B00000000903014E43E69E9144B0FBAE800A8A642F7B0B4CA0B967B7A01F11A2FE85D6F29DB452FAF7491A5C1DEFDBD2D15B91F4793130AD3A40100000020B1F4B3F4838BAE092EB5F456CCEB7A6E51E07E5F4B277BC72B50D6265A5A6FAC9DA587276A2631320C000000008943039E435C744AB44682B5E677B2A5CF2CB5F7D2B596267AC72FF1EE7F68E9F7965ABAE8E65B1A1DD6465ACBC852000000004063A2515EED20FD4ECCF3B1BB456B6AF40C179D32AD637B597ACF45D71E2774AF0100000000207102E0DB5C7407E895961E73D1E9CE57048EE9E4DD1E6BE97E171D09BEC045479365B6A5735D7413AE012EBAF6F863B21600000000D050A57929E851F7E30ED14A777BCF77743BEF169D13F3B8B3F71E000000000000000000000000000000000000000000000000000000000000000000000000000000000000000000000000000000000000000000000000000000000000000000000000000000000000000000000000000000000000000000000000000000000000000000000000000000000000000000000000000000000000000000000000000000000000000000000000000000000000000000000000000000000000000000000000000000000000000000000000000000000000000000000000000000000000000000A0CEFD3F2179C29DC449A72D0000000049454E44AE426082, NULL);
INSERT INTO `act_ge_bytearray` (`ID_`, `REV_`, `NAME_`, `DEPLOYMENT_ID_`, `BYTES_`, `GENERATED_`) VALUES ('d6791950-8783-11ee-8bf7-128e94d2c595', 1, 'stacktrace', NULL, 0x6F72672E61637469766974692E656E67696E652E4163746976697469457863657074696F6E3A2043616E6E6F74207365742073757370656E73696F6E207374617465202773757370656E6465642720666F722050726F63657373446566696E6974696F6E456E746974795B6C656176652D6170706C793A313A62393530343232372D383734322D313165652D386537652D3832646530656166643630625D273A20616C726561647920696E207374617465202773757370656E646564272E0A096174206F72672E61637469766974692E656E67696E652E696D706C2E70657273697374656E63652E656E746974792E53757370656E73696F6E53746174652453757370656E73696F6E53746174655574696C2E73657453757370656E73696F6E53746174652853757370656E73696F6E53746174652E6A6176613A3834290A096174206F72672E61637469766974692E656E67696E652E696D706C2E636D642E416273747261637453657450726F63657373446566696E6974696F6E5374617465436D642E6368616E676550726F63657373446566696E6974696F6E537461746528416273747261637453657450726F63657373446566696E6974696F6E5374617465436D642E6A6176613A313439290A096174206F72672E61637469766974692E656E67696E652E696D706C2E636D642E416273747261637453657450726F63657373446566696E6974696F6E5374617465436D642E6578656375746528416273747261637453657450726F63657373446566696E6974696F6E5374617465436D642E6A6176613A3734290A096174206F72672E61637469766974692E656E67696E652E696D706C2E6A6F626578656375746F722E54696D657253757370656E6450726F63657373446566696E6974696F6E48616E646C65722E657865637574652854696D657253757370656E6450726F63657373446566696E6974696F6E48616E646C65722E6A6176613A3338290A096174206F72672E61637469766974692E656E67696E652E696D706C2E6173796E636578656375746F722E44656661756C744A6F624D616E616765722E657865637574654A6F6248616E646C65722844656661756C744A6F624D616E616765722E6A6176613A333033290A096174206F72672E61637469766974692E656E67696E652E696D706C2E6173796E636578656375746F722E44656661756C744A6F624D616E616765722E6578656375746554696D65724A6F622844656661756C744A6F624D616E616765722E6A6176613A323830290A096174206F72672E61637469766974692E656E67696E652E696D706C2E6173796E636578656375746F722E44656661756C744A6F624D616E616765722E657865637574652844656661756C744A6F624D616E616765722E6A6176613A323134290A096174206F72672E61637469766974692E656E67696E652E696D706C2E636D642E457865637574654173796E634A6F62436D642E6578656375746528457865637574654173796E634A6F62436D642E6A6176613A3635290A096174206F72672E61637469766974692E656E67696E652E696D706C2E696E746572636570746F722E436F6D6D616E64496E766F6B657224312E72756E28436F6D6D616E64496E766F6B65722E6A6176613A3337290A096174206F72672E61637469766974692E656E67696E652E696D706C2E696E746572636570746F722E436F6D6D616E64496E766F6B65722E657865637574654F7065726174696F6E28436F6D6D616E64496E766F6B65722E6A6176613A3738290A096174206F72672E61637469766974692E656E67696E652E696D706C2E696E746572636570746F722E436F6D6D616E64496E766F6B65722E657865637574654F7065726174696F6E7328436F6D6D616E64496E766F6B65722E6A6176613A3537290A096174206F72672E61637469766974692E656E67696E652E696D706C2E696E746572636570746F722E436F6D6D616E64496E766F6B65722E6578656375746528436F6D6D616E64496E766F6B65722E6A6176613A3432290A096174206F72672E61637469766974692E656E67696E652E696D706C2E696E746572636570746F722E5472616E73616374696F6E436F6E74657874496E746572636570746F722E65786563757465285472616E73616374696F6E436F6E74657874496E746572636570746F722E6A6176613A3438290A096174206F72672E61637469766974692E656E67696E652E696D706C2E696E746572636570746F722E436F6D6D616E64436F6E74657874496E746572636570746F722E6578656375746528436F6D6D616E64436F6E74657874496E746572636570746F722E6A6176613A3539290A096174206F72672E61637469766974692E737072696E672E537072696E675472616E73616374696F6E496E746572636570746F7224312E646F496E5472616E73616374696F6E28537072696E675472616E73616374696F6E496E746572636570746F722E6A6176613A3437290A096174206F72672E737072696E676672616D65776F726B2E7472616E73616374696F6E2E737570706F72742E5472616E73616374696F6E54656D706C6174652E65786563757465285472616E73616374696F6E54656D706C6174652E6A6176613A313430290A096174206F72672E61637469766974692E737072696E672E537072696E675472616E73616374696F6E496E746572636570746F722E6578656375746528537072696E675472616E73616374696F6E496E746572636570746F722E6A6176613A3435290A096174206F72672E61637469766974692E656E67696E652E696D706C2E696E746572636570746F722E4C6F67496E746572636570746F722E65786563757465284C6F67496E746572636570746F722E6A6176613A3239290A096174206F72672E61637469766974692E656E67696E652E696D706C2E6366672E436F6D6D616E644578656375746F72496D706C2E6578656375746528436F6D6D616E644578656375746F72496D706C2E6A6176613A3434290A096174206F72672E61637469766974692E656E67696E652E696D706C2E6366672E436F6D6D616E644578656375746F72496D706C2E6578656375746528436F6D6D616E644578656375746F72496D706C2E6A6176613A3339290A096174206F72672E61637469766974692E656E67696E652E696D706C2E6173796E636578656375746F722E457865637574654173796E6352756E6E61626C652E657865637574654A6F6228457865637574654173796E6352756E6E61626C652E6A6176613A3737290A096174206F72672E61637469766974692E656E67696E652E696D706C2E6173796E636578656375746F722E457865637574654173796E6352756E6E61626C652E72756E28457865637574654173796E6352756E6E61626C652E6A6176613A3639290A096174206A6176612E7574696C2E636F6E63757272656E742E546872656164506F6F6C4578656375746F722E72756E576F726B657228546872656164506F6F6C4578656375746F722E6A6176613A31313439290A096174206A6176612E7574696C2E636F6E63757272656E742E546872656164506F6F6C4578656375746F7224576F726B65722E72756E28546872656164506F6F6C4578656375746F722E6A6176613A363234290A096174206A6176612E6C616E672E5468726561642E72756E285468726561642E6A6176613A373530290A, NULL);
INSERT INTO `act_ge_bytearray` (`ID_`, `REV_`, `NAME_`, `DEPLOYMENT_ID_`, `BYTES_`, `GENERATED_`) VALUES ('fa4d2831-8783-11ee-8bf7-128e94d2c595', 1, 'stacktrace', NULL, 0x6F72672E61637469766974692E656E67696E652E4163746976697469457863657074696F6E3A2043616E6E6F74207365742073757370656E73696F6E207374617465202773757370656E6465642720666F722050726F63657373446566696E6974696F6E456E746974795B6C656176652D6170706C793A313A62393530343232372D383734322D313165652D386537652D3832646530656166643630625D273A20616C726561647920696E207374617465202773757370656E646564272E0A096174206F72672E61637469766974692E656E67696E652E696D706C2E70657273697374656E63652E656E746974792E53757370656E73696F6E53746174652453757370656E73696F6E53746174655574696C2E73657453757370656E73696F6E53746174652853757370656E73696F6E53746174652E6A6176613A3834290A096174206F72672E61637469766974692E656E67696E652E696D706C2E636D642E416273747261637453657450726F63657373446566696E6974696F6E5374617465436D642E6368616E676550726F63657373446566696E6974696F6E537461746528416273747261637453657450726F63657373446566696E6974696F6E5374617465436D642E6A6176613A313439290A096174206F72672E61637469766974692E656E67696E652E696D706C2E636D642E416273747261637453657450726F63657373446566696E6974696F6E5374617465436D642E6578656375746528416273747261637453657450726F63657373446566696E6974696F6E5374617465436D642E6A6176613A3734290A096174206F72672E61637469766974692E656E67696E652E696D706C2E6A6F626578656375746F722E54696D657253757370656E6450726F63657373446566696E6974696F6E48616E646C65722E657865637574652854696D657253757370656E6450726F63657373446566696E6974696F6E48616E646C65722E6A6176613A3338290A096174206F72672E61637469766974692E656E67696E652E696D706C2E6173796E636578656375746F722E44656661756C744A6F624D616E616765722E657865637574654A6F6248616E646C65722844656661756C744A6F624D616E616765722E6A6176613A333033290A096174206F72672E61637469766974692E656E67696E652E696D706C2E6173796E636578656375746F722E44656661756C744A6F624D616E616765722E6578656375746554696D65724A6F622844656661756C744A6F624D616E616765722E6A6176613A323830290A096174206F72672E61637469766974692E656E67696E652E696D706C2E6173796E636578656375746F722E44656661756C744A6F624D616E616765722E657865637574652844656661756C744A6F624D616E616765722E6A6176613A323134290A096174206F72672E61637469766974692E656E67696E652E696D706C2E636D642E457865637574654173796E634A6F62436D642E6578656375746528457865637574654173796E634A6F62436D642E6A6176613A3635290A096174206F72672E61637469766974692E656E67696E652E696D706C2E696E746572636570746F722E436F6D6D616E64496E766F6B657224312E72756E28436F6D6D616E64496E766F6B65722E6A6176613A3337290A096174206F72672E61637469766974692E656E67696E652E696D706C2E696E746572636570746F722E436F6D6D616E64496E766F6B65722E657865637574654F7065726174696F6E28436F6D6D616E64496E766F6B65722E6A6176613A3738290A096174206F72672E61637469766974692E656E67696E652E696D706C2E696E746572636570746F722E436F6D6D616E64496E766F6B65722E657865637574654F7065726174696F6E7328436F6D6D616E64496E766F6B65722E6A6176613A3537290A096174206F72672E61637469766974692E656E67696E652E696D706C2E696E746572636570746F722E436F6D6D616E64496E766F6B65722E6578656375746528436F6D6D616E64496E766F6B65722E6A6176613A3432290A096174206F72672E61637469766974692E656E67696E652E696D706C2E696E746572636570746F722E5472616E73616374696F6E436F6E74657874496E746572636570746F722E65786563757465285472616E73616374696F6E436F6E74657874496E746572636570746F722E6A6176613A3438290A096174206F72672E61637469766974692E656E67696E652E696D706C2E696E746572636570746F722E436F6D6D616E64436F6E74657874496E746572636570746F722E6578656375746528436F6D6D616E64436F6E74657874496E746572636570746F722E6A6176613A3539290A096174206F72672E61637469766974692E737072696E672E537072696E675472616E73616374696F6E496E746572636570746F7224312E646F496E5472616E73616374696F6E28537072696E675472616E73616374696F6E496E746572636570746F722E6A6176613A3437290A096174206F72672E737072696E676672616D65776F726B2E7472616E73616374696F6E2E737570706F72742E5472616E73616374696F6E54656D706C6174652E65786563757465285472616E73616374696F6E54656D706C6174652E6A6176613A313430290A096174206F72672E61637469766974692E737072696E672E537072696E675472616E73616374696F6E496E746572636570746F722E6578656375746528537072696E675472616E73616374696F6E496E746572636570746F722E6A6176613A3435290A096174206F72672E61637469766974692E656E67696E652E696D706C2E696E746572636570746F722E4C6F67496E746572636570746F722E65786563757465284C6F67496E746572636570746F722E6A6176613A3239290A096174206F72672E61637469766974692E656E67696E652E696D706C2E6366672E436F6D6D616E644578656375746F72496D706C2E6578656375746528436F6D6D616E644578656375746F72496D706C2E6A6176613A3434290A096174206F72672E61637469766974692E656E67696E652E696D706C2E6366672E436F6D6D616E644578656375746F72496D706C2E6578656375746528436F6D6D616E644578656375746F72496D706C2E6A6176613A3339290A096174206F72672E61637469766974692E656E67696E652E696D706C2E6173796E636578656375746F722E457865637574654173796E6352756E6E61626C652E657865637574654A6F6228457865637574654173796E6352756E6E61626C652E6A6176613A3737290A096174206F72672E61637469766974692E656E67696E652E696D706C2E6173796E636578656375746F722E457865637574654173796E6352756E6E61626C652E72756E28457865637574654173796E6352756E6E61626C652E6A6176613A3639290A096174206A6176612E7574696C2E636F6E63757272656E742E546872656164506F6F6C4578656375746F722E72756E576F726B657228546872656164506F6F6C4578656375746F722E6A6176613A31313439290A096174206A6176612E7574696C2E636F6E63757272656E742E546872656164506F6F6C4578656375746F7224576F726B65722E72756E28546872656164506F6F6C4578656375746F722E6A6176613A363234290A096174206A6176612E6C616E672E5468726561642E72756E285468726561642E6A6176613A373530290A, NULL);
INSERT INTO `act_ge_bytearray` (`ID_`, `REV_`, `NAME_`, `DEPLOYMENT_ID_`, `BYTES_`, `GENERATED_`) VALUES ('fa511fd2-8783-11ee-8bf7-128e94d2c595', 1, 'stacktrace', NULL, 0x6F72672E61637469766974692E656E67696E652E4163746976697469457863657074696F6E3A2043616E6E6F74207365742073757370656E73696F6E207374617465202773757370656E6465642720666F722050726F63657373446566696E6974696F6E456E746974795B6C656176652D6170706C793A313A62393530343232372D383734322D313165652D386537652D3832646530656166643630625D273A20616C726561647920696E207374617465202773757370656E646564272E0A096174206F72672E61637469766974692E656E67696E652E696D706C2E70657273697374656E63652E656E746974792E53757370656E73696F6E53746174652453757370656E73696F6E53746174655574696C2E73657453757370656E73696F6E53746174652853757370656E73696F6E53746174652E6A6176613A3834290A096174206F72672E61637469766974692E656E67696E652E696D706C2E636D642E416273747261637453657450726F63657373446566696E6974696F6E5374617465436D642E6368616E676550726F63657373446566696E6974696F6E537461746528416273747261637453657450726F63657373446566696E6974696F6E5374617465436D642E6A6176613A313439290A096174206F72672E61637469766974692E656E67696E652E696D706C2E636D642E416273747261637453657450726F63657373446566696E6974696F6E5374617465436D642E6578656375746528416273747261637453657450726F63657373446566696E6974696F6E5374617465436D642E6A6176613A3734290A096174206F72672E61637469766974692E656E67696E652E696D706C2E6A6F626578656375746F722E54696D657253757370656E6450726F63657373446566696E6974696F6E48616E646C65722E657865637574652854696D657253757370656E6450726F63657373446566696E6974696F6E48616E646C65722E6A6176613A3338290A096174206F72672E61637469766974692E656E67696E652E696D706C2E6173796E636578656375746F722E44656661756C744A6F624D616E616765722E657865637574654A6F6248616E646C65722844656661756C744A6F624D616E616765722E6A6176613A333033290A096174206F72672E61637469766974692E656E67696E652E696D706C2E6173796E636578656375746F722E44656661756C744A6F624D616E616765722E6578656375746554696D65724A6F622844656661756C744A6F624D616E616765722E6A6176613A323830290A096174206F72672E61637469766974692E656E67696E652E696D706C2E6173796E636578656375746F722E44656661756C744A6F624D616E616765722E657865637574652844656661756C744A6F624D616E616765722E6A6176613A323134290A096174206F72672E61637469766974692E656E67696E652E696D706C2E636D642E457865637574654173796E634A6F62436D642E6578656375746528457865637574654173796E634A6F62436D642E6A6176613A3635290A096174206F72672E61637469766974692E656E67696E652E696D706C2E696E746572636570746F722E436F6D6D616E64496E766F6B657224312E72756E28436F6D6D616E64496E766F6B65722E6A6176613A3337290A096174206F72672E61637469766974692E656E67696E652E696D706C2E696E746572636570746F722E436F6D6D616E64496E766F6B65722E657865637574654F7065726174696F6E28436F6D6D616E64496E766F6B65722E6A6176613A3738290A096174206F72672E61637469766974692E656E67696E652E696D706C2E696E746572636570746F722E436F6D6D616E64496E766F6B65722E657865637574654F7065726174696F6E7328436F6D6D616E64496E766F6B65722E6A6176613A3537290A096174206F72672E61637469766974692E656E67696E652E696D706C2E696E746572636570746F722E436F6D6D616E64496E766F6B65722E6578656375746528436F6D6D616E64496E766F6B65722E6A6176613A3432290A096174206F72672E61637469766974692E656E67696E652E696D706C2E696E746572636570746F722E5472616E73616374696F6E436F6E74657874496E746572636570746F722E65786563757465285472616E73616374696F6E436F6E74657874496E746572636570746F722E6A6176613A3438290A096174206F72672E61637469766974692E656E67696E652E696D706C2E696E746572636570746F722E436F6D6D616E64436F6E74657874496E746572636570746F722E6578656375746528436F6D6D616E64436F6E74657874496E746572636570746F722E6A6176613A3539290A096174206F72672E61637469766974692E737072696E672E537072696E675472616E73616374696F6E496E746572636570746F7224312E646F496E5472616E73616374696F6E28537072696E675472616E73616374696F6E496E746572636570746F722E6A6176613A3437290A096174206F72672E737072696E676672616D65776F726B2E7472616E73616374696F6E2E737570706F72742E5472616E73616374696F6E54656D706C6174652E65786563757465285472616E73616374696F6E54656D706C6174652E6A6176613A313430290A096174206F72672E61637469766974692E737072696E672E537072696E675472616E73616374696F6E496E746572636570746F722E6578656375746528537072696E675472616E73616374696F6E496E746572636570746F722E6A6176613A3435290A096174206F72672E61637469766974692E656E67696E652E696D706C2E696E746572636570746F722E4C6F67496E746572636570746F722E65786563757465284C6F67496E746572636570746F722E6A6176613A3239290A096174206F72672E61637469766974692E656E67696E652E696D706C2E6366672E436F6D6D616E644578656375746F72496D706C2E6578656375746528436F6D6D616E644578656375746F72496D706C2E6A6176613A3434290A096174206F72672E61637469766974692E656E67696E652E696D706C2E6366672E436F6D6D616E644578656375746F72496D706C2E6578656375746528436F6D6D616E644578656375746F72496D706C2E6A6176613A3339290A096174206F72672E61637469766974692E656E67696E652E696D706C2E6173796E636578656375746F722E457865637574654173796E6352756E6E61626C652E657865637574654A6F6228457865637574654173796E6352756E6E61626C652E6A6176613A3737290A096174206F72672E61637469766974692E656E67696E652E696D706C2E6173796E636578656375746F722E457865637574654173796E6352756E6E61626C652E72756E28457865637574654173796E6352756E6E61626C652E6A6176613A3639290A096174206A6176612E7574696C2E636F6E63757272656E742E546872656164506F6F6C4578656375746F722E72756E576F726B657228546872656164506F6F6C4578656375746F722E6A6176613A31313439290A096174206A6176612E7574696C2E636F6E63757272656E742E546872656164506F6F6C4578656375746F7224576F726B65722E72756E28546872656164506F6F6C4578656375746F722E6A6176613A363234290A096174206A6176612E6C616E672E5468726561642E72756E285468726561642E6A6176613A373530290A, NULL);
COMMIT;

-- ----------------------------
-- Table structure for act_ge_property
-- ----------------------------
DROP TABLE IF EXISTS `act_ge_property`;
CREATE TABLE `act_ge_property` (
  `NAME_` varchar(64) NOT NULL COMMENT '属性名称,schema.version,schema.history,next.dbid',
  `VALUE_` varchar(300) DEFAULT NULL COMMENT '属性值,5.*,create(5.*)',
  `REV_` int(11) DEFAULT NULL COMMENT '乐观锁版本号',
  PRIMARY KEY (`NAME_`)
) ENGINE=InnoDB DEFAULT CHARSET=utf8mb3 COLLATE=utf8mb3_bin COMMENT='系统相关属性表';

-- ----------------------------
-- Records of act_ge_property
-- ----------------------------
BEGIN;
INSERT INTO `act_ge_property` (`NAME_`, `VALUE_`, `REV_`) VALUES ('cfg.execution-related-entities-count', 'false', 1);
INSERT INTO `act_ge_property` (`NAME_`, `VALUE_`, `REV_`) VALUES ('next.dbid', '1', 1);
INSERT INTO `act_ge_property` (`NAME_`, `VALUE_`, `REV_`) VALUES ('schema.history', 'create(7.1.0-M6)', 1);
INSERT INTO `act_ge_property` (`NAME_`, `VALUE_`, `REV_`) VALUES ('schema.version', '7.1.0-M6', 1);
COMMIT;

-- ----------------------------
-- Table structure for act_hi_actinst
-- ----------------------------
DROP TABLE IF EXISTS `act_hi_actinst`;
CREATE TABLE `act_hi_actinst` (
  `ID_` varchar(64) NOT NULL COMMENT '主键',
  `PROC_DEF_ID_` varchar(64) NOT NULL COMMENT '流程定义ID',
  `PROC_INST_ID_` varchar(64) NOT NULL COMMENT '流程实例ID',
  `EXECUTION_ID_` varchar(64) NOT NULL COMMENT '流程执行ID',
  `ACT_ID_` varchar(255) NOT NULL COMMENT '活动ID,节点定义ID',
  `TASK_ID_` varchar(64) DEFAULT NULL COMMENT '任务ID,任务实例ID 其他节点类型实例ID在这里为空',
  `CALL_PROC_INST_ID_` varchar(64) DEFAULT NULL COMMENT '请求流程实例ID,调用外部流程的流程实例ID',
  `ACT_NAME_` varchar(255) DEFAULT NULL COMMENT '活动名称,节点定义名称',
  `ACT_TYPE_` varchar(255) NOT NULL COMMENT '活动类型,如startEvent、userTask',
  `ASSIGNEE_` varchar(255) DEFAULT NULL COMMENT '代理人员,节点签收人',
  `START_TIME_` datetime NOT NULL COMMENT '开始时间',
  `END_TIME_` datetime DEFAULT NULL COMMENT '结束时间',
  `DURATION_` bigint(20) DEFAULT NULL COMMENT '时长，耗时,毫秒值',
  `DELETE_REASON_` varchar(4000) DEFAULT NULL,
  `TENANT_ID_` varchar(255) DEFAULT '',
  PRIMARY KEY (`ID_`),
  KEY `ACT_IDX_HI_ACT_INST_START` (`START_TIME_`),
  KEY `ACT_IDX_HI_ACT_INST_END` (`END_TIME_`),
  KEY `ACT_IDX_HI_ACT_INST_PROCINST` (`PROC_INST_ID_`,`ACT_ID_`),
  KEY `ACT_IDX_HI_ACT_INST_EXEC` (`EXECUTION_ID_`,`ACT_ID_`)
) ENGINE=InnoDB DEFAULT CHARSET=utf8mb3 COLLATE=utf8mb3_bin COMMENT='历史节点表';

-- ----------------------------
-- Records of act_hi_actinst
-- ----------------------------
BEGIN;
INSERT INTO `act_hi_actinst` (`ID_`, `PROC_DEF_ID_`, `PROC_INST_ID_`, `EXECUTION_ID_`, `ACT_ID_`, `TASK_ID_`, `CALL_PROC_INST_ID_`, `ACT_NAME_`, `ACT_TYPE_`, `ASSIGNEE_`, `START_TIME_`, `END_TIME_`, `DURATION_`, `DELETE_REASON_`, `TENANT_ID_`) VALUES ('0cb4cae9-94aa-11ee-bec2-ae0fbfe9b99d', 'evection-apply:1:cbc45fde-8d92-11ee-86f3-cac7020c0d44', '0cb36b50-94aa-11ee-bec2-ae0fbfe9b99d', '0cb455b8-94aa-11ee-bec2-ae0fbfe9b99d', 'sid-1a4f1b43-e737-43ff-8636-0de4c0b15065', NULL, NULL, '开始', 'startEvent', NULL, '2023-12-07 10:40:57', '2023-12-07 10:40:57', 2, NULL, '');
INSERT INTO `act_hi_actinst` (`ID_`, `PROC_DEF_ID_`, `PROC_INST_ID_`, `EXECUTION_ID_`, `ACT_ID_`, `TASK_ID_`, `CALL_PROC_INST_ID_`, `ACT_NAME_`, `ACT_TYPE_`, `ASSIGNEE_`, `START_TIME_`, `END_TIME_`, `DURATION_`, `DELETE_REASON_`, `TENANT_ID_`) VALUES ('0cb5672a-94aa-11ee-bec2-ae0fbfe9b99d', 'evection-apply:1:cbc45fde-8d92-11ee-86f3-cac7020c0d44', '0cb36b50-94aa-11ee-bec2-ae0fbfe9b99d', '0cb455b8-94aa-11ee-bec2-ae0fbfe9b99d', 'sid-2c4f7c32-40fa-4f51-9340-85af7ee37e16', '0cb6edcb-94aa-11ee-bec2-ae0fbfe9b99d', NULL, '创建申请', 'userTask', '1', '2023-12-07 10:40:57', '2023-12-07 10:40:57', 519, NULL, '');
INSERT INTO `act_hi_actinst` (`ID_`, `PROC_DEF_ID_`, `PROC_INST_ID_`, `EXECUTION_ID_`, `ACT_ID_`, `TASK_ID_`, `CALL_PROC_INST_ID_`, `ACT_NAME_`, `ACT_TYPE_`, `ASSIGNEE_`, `START_TIME_`, `END_TIME_`, `DURATION_`, `DELETE_REASON_`, `TENANT_ID_`) VALUES ('0ccd33f5-94aa-11ee-bec2-ae0fbfe9b99d', 'evection-apply:1:cbc45fde-8d92-11ee-86f3-cac7020c0d44', '0cb36b50-94aa-11ee-bec2-ae0fbfe9b99d', '0cb455b8-94aa-11ee-bec2-ae0fbfe9b99d', 'sid-18647353-7512-450c-aa98-f7de48b1b742', '0ccd33f6-94aa-11ee-bec2-ae0fbfe9b99d', NULL, '部门审批', 'userTask', '3', '2023-12-07 10:40:57', NULL, NULL, NULL, '');
INSERT INTO `act_hi_actinst` (`ID_`, `PROC_DEF_ID_`, `PROC_INST_ID_`, `EXECUTION_ID_`, `ACT_ID_`, `TASK_ID_`, `CALL_PROC_INST_ID_`, `ACT_NAME_`, `ACT_TYPE_`, `ASSIGNEE_`, `START_TIME_`, `END_TIME_`, `DURATION_`, `DELETE_REASON_`, `TENANT_ID_`) VALUES ('6cf25195-930a-11ee-a0b1-1ac551d3e0df', 'evection-apply:1:cbc45fde-8d92-11ee-86f3-cac7020c0d44', '6cf0caec-930a-11ee-a0b1-1ac551d3e0df', '6cf18e44-930a-11ee-a0b1-1ac551d3e0df', 'sid-1a4f1b43-e737-43ff-8636-0de4c0b15065', NULL, NULL, '开始', 'startEvent', NULL, '2023-12-05 09:05:48', '2023-12-05 09:05:48', 2, NULL, '');
INSERT INTO `act_hi_actinst` (`ID_`, `PROC_DEF_ID_`, `PROC_INST_ID_`, `EXECUTION_ID_`, `ACT_ID_`, `TASK_ID_`, `CALL_PROC_INST_ID_`, `ACT_NAME_`, `ACT_TYPE_`, `ASSIGNEE_`, `START_TIME_`, `END_TIME_`, `DURATION_`, `DELETE_REASON_`, `TENANT_ID_`) VALUES ('6cf2edd6-930a-11ee-a0b1-1ac551d3e0df', 'evection-apply:1:cbc45fde-8d92-11ee-86f3-cac7020c0d44', '6cf0caec-930a-11ee-a0b1-1ac551d3e0df', '6cf18e44-930a-11ee-a0b1-1ac551d3e0df', 'sid-2c4f7c32-40fa-4f51-9340-85af7ee37e16', '6cf42657-930a-11ee-a0b1-1ac551d3e0df', NULL, '创建申请', 'userTask', '2', '2023-12-05 09:05:48', '2023-12-05 09:05:48', 276, NULL, '');
INSERT INTO `act_hi_actinst` (`ID_`, `PROC_DEF_ID_`, `PROC_INST_ID_`, `EXECUTION_ID_`, `ACT_ID_`, `TASK_ID_`, `CALL_PROC_INST_ID_`, `ACT_NAME_`, `ACT_TYPE_`, `ASSIGNEE_`, `START_TIME_`, `END_TIME_`, `DURATION_`, `DELETE_REASON_`, `TENANT_ID_`) VALUES ('6d005b61-930a-11ee-a0b1-1ac551d3e0df', 'evection-apply:1:cbc45fde-8d92-11ee-86f3-cac7020c0d44', '6cf0caec-930a-11ee-a0b1-1ac551d3e0df', '6cf18e44-930a-11ee-a0b1-1ac551d3e0df', 'sid-18647353-7512-450c-aa98-f7de48b1b742', '6d008272-930a-11ee-a0b1-1ac551d3e0df', NULL, '部门审批', 'userTask', '3', '2023-12-05 09:05:48', '2023-12-06 10:39:41', 92033735, '删除请假流程信息', '');
INSERT INTO `act_hi_actinst` (`ID_`, `PROC_DEF_ID_`, `PROC_INST_ID_`, `EXECUTION_ID_`, `ACT_ID_`, `TASK_ID_`, `CALL_PROC_INST_ID_`, `ACT_NAME_`, `ACT_TYPE_`, `ASSIGNEE_`, `START_TIME_`, `END_TIME_`, `DURATION_`, `DELETE_REASON_`, `TENANT_ID_`) VALUES ('87426de8-9284-11ee-8d20-3ac8b98fcacd', 'evection-apply:1:cbc45fde-8d92-11ee-86f3-cac7020c0d44', '87415c6f-9284-11ee-8d20-3ac8b98fcacd', '87421fc7-9284-11ee-8d20-3ac8b98fcacd', 'sid-1a4f1b43-e737-43ff-8636-0de4c0b15065', NULL, NULL, '开始', 'startEvent', NULL, '2023-12-04 17:07:19', '2023-12-04 17:07:19', 2, NULL, '');
INSERT INTO `act_hi_actinst` (`ID_`, `PROC_DEF_ID_`, `PROC_INST_ID_`, `EXECUTION_ID_`, `ACT_ID_`, `TASK_ID_`, `CALL_PROC_INST_ID_`, `ACT_NAME_`, `ACT_TYPE_`, `ASSIGNEE_`, `START_TIME_`, `END_TIME_`, `DURATION_`, `DELETE_REASON_`, `TENANT_ID_`) VALUES ('87430a29-9284-11ee-8d20-3ac8b98fcacd', 'evection-apply:1:cbc45fde-8d92-11ee-86f3-cac7020c0d44', '87415c6f-9284-11ee-8d20-3ac8b98fcacd', '87421fc7-9284-11ee-8d20-3ac8b98fcacd', 'sid-2c4f7c32-40fa-4f51-9340-85af7ee37e16', '874442aa-9284-11ee-8d20-3ac8b98fcacd', NULL, '创建申请', 'userTask', '2', '2023-12-04 17:07:19', '2023-12-04 17:07:19', 878, NULL, '');
INSERT INTO `act_hi_actinst` (`ID_`, `PROC_DEF_ID_`, `PROC_INST_ID_`, `EXECUTION_ID_`, `ACT_ID_`, `TASK_ID_`, `CALL_PROC_INST_ID_`, `ACT_NAME_`, `ACT_TYPE_`, `ASSIGNEE_`, `START_TIME_`, `END_TIME_`, `DURATION_`, `DELETE_REASON_`, `TENANT_ID_`) VALUES ('875336d4-9284-11ee-8d20-3ac8b98fcacd', 'evection-apply:1:cbc45fde-8d92-11ee-86f3-cac7020c0d44', '87415c6f-9284-11ee-8d20-3ac8b98fcacd', '87421fc7-9284-11ee-8d20-3ac8b98fcacd', 'sid-18647353-7512-450c-aa98-f7de48b1b742', '875336d5-9284-11ee-8d20-3ac8b98fcacd', NULL, '部门审批', 'userTask', '3', '2023-12-04 17:07:19', '2023-12-04 17:07:39', 20286, NULL, '');
INSERT INTO `act_hi_actinst` (`ID_`, `PROC_DEF_ID_`, `PROC_INST_ID_`, `EXECUTION_ID_`, `ACT_ID_`, `TASK_ID_`, `CALL_PROC_INST_ID_`, `ACT_NAME_`, `ACT_TYPE_`, `ASSIGNEE_`, `START_TIME_`, `END_TIME_`, `DURATION_`, `DELETE_REASON_`, `TENANT_ID_`) VALUES ('92e4caf3-9284-11ee-8d20-3ac8b98fcacd', 'evection-apply:1:cbc45fde-8d92-11ee-86f3-cac7020c0d44', '87415c6f-9284-11ee-8d20-3ac8b98fcacd', '87421fc7-9284-11ee-8d20-3ac8b98fcacd', 'sid-4311EA1C-C3F6-4898-ACB7-3E1470E978DE', NULL, NULL, NULL, 'exclusiveGateway', NULL, '2023-12-04 17:07:39', '2023-12-04 17:07:39', 6, NULL, '');
INSERT INTO `act_hi_actinst` (`ID_`, `PROC_DEF_ID_`, `PROC_INST_ID_`, `EXECUTION_ID_`, `ACT_ID_`, `TASK_ID_`, `CALL_PROC_INST_ID_`, `ACT_NAME_`, `ACT_TYPE_`, `ASSIGNEE_`, `START_TIME_`, `END_TIME_`, `DURATION_`, `DELETE_REASON_`, `TENANT_ID_`) VALUES ('92e678a4-9284-11ee-8d20-3ac8b98fcacd', 'evection-apply:1:cbc45fde-8d92-11ee-86f3-cac7020c0d44', '87415c6f-9284-11ee-8d20-3ac8b98fcacd', '87421fc7-9284-11ee-8d20-3ac8b98fcacd', 'sid-1a4f1b43-e737-43ff-8636-0de4c0b15064', NULL, NULL, '结束', 'endEvent', NULL, '2023-12-04 17:07:39', '2023-12-04 17:07:39', 0, NULL, '');
INSERT INTO `act_hi_actinst` (`ID_`, `PROC_DEF_ID_`, `PROC_INST_ID_`, `EXECUTION_ID_`, `ACT_ID_`, `TASK_ID_`, `CALL_PROC_INST_ID_`, `ACT_NAME_`, `ACT_TYPE_`, `ASSIGNEE_`, `START_TIME_`, `END_TIME_`, `DURATION_`, `DELETE_REASON_`, `TENANT_ID_`) VALUES ('b655b98c-93e1-11ee-9173-1e46bbe0a030', 'leave-apply:1:cafcca1b-8d92-11ee-86f3-cac7020c0d44', 'b65432e3-93e1-11ee-9173-1e46bbe0a030', 'b654f63b-93e1-11ee-9173-1e46bbe0a030', 'sid-1a4f1b43-e737-43ff-8636-0de4c0b15065', NULL, NULL, '开始', 'startEvent', NULL, '2023-12-06 10:46:53', '2023-12-06 10:46:53', 3, NULL, '');
INSERT INTO `act_hi_actinst` (`ID_`, `PROC_DEF_ID_`, `PROC_INST_ID_`, `EXECUTION_ID_`, `ACT_ID_`, `TASK_ID_`, `CALL_PROC_INST_ID_`, `ACT_NAME_`, `ACT_TYPE_`, `ASSIGNEE_`, `START_TIME_`, `END_TIME_`, `DURATION_`, `DELETE_REASON_`, `TENANT_ID_`) VALUES ('b656cafd-93e1-11ee-9173-1e46bbe0a030', 'leave-apply:1:cafcca1b-8d92-11ee-86f3-cac7020c0d44', 'b65432e3-93e1-11ee-9173-1e46bbe0a030', 'b654f63b-93e1-11ee-9173-1e46bbe0a030', 'sid-2c4f7c32-40fa-4f51-9340-85af7ee37e16', 'b658edde-93e1-11ee-9173-1e46bbe0a030', NULL, '创建申请', 'userTask', '2', '2023-12-06 10:46:53', '2023-12-06 10:46:53', 204, NULL, '');
INSERT INTO `act_hi_actinst` (`ID_`, `PROC_DEF_ID_`, `PROC_INST_ID_`, `EXECUTION_ID_`, `ACT_ID_`, `TASK_ID_`, `CALL_PROC_INST_ID_`, `ACT_NAME_`, `ACT_TYPE_`, `ASSIGNEE_`, `START_TIME_`, `END_TIME_`, `DURATION_`, `DELETE_REASON_`, `TENANT_ID_`) VALUES ('b664d4c8-93e1-11ee-9173-1e46bbe0a030', 'leave-apply:1:cafcca1b-8d92-11ee-86f3-cac7020c0d44', 'b65432e3-93e1-11ee-9173-1e46bbe0a030', 'b654f63b-93e1-11ee-9173-1e46bbe0a030', 'sid-18647353-7512-450c-aa98-f7de48b1b742', 'b664d4c9-93e1-11ee-9173-1e46bbe0a030', NULL, '部门审批', 'userTask', '3', '2023-12-06 10:46:53', '2023-12-06 10:47:12', 19532, NULL, '');
INSERT INTO `act_hi_actinst` (`ID_`, `PROC_DEF_ID_`, `PROC_INST_ID_`, `EXECUTION_ID_`, `ACT_ID_`, `TASK_ID_`, `CALL_PROC_INST_ID_`, `ACT_NAME_`, `ACT_TYPE_`, `ASSIGNEE_`, `START_TIME_`, `END_TIME_`, `DURATION_`, `DELETE_REASON_`, `TENANT_ID_`) VALUES ('c1ea0cd7-93e1-11ee-9173-1e46bbe0a030', 'leave-apply:1:cafcca1b-8d92-11ee-86f3-cac7020c0d44', 'b65432e3-93e1-11ee-9173-1e46bbe0a030', 'b654f63b-93e1-11ee-9173-1e46bbe0a030', 'sid-4311EA1C-C3F6-4898-ACB7-3E1470E978DE', NULL, NULL, NULL, 'exclusiveGateway', NULL, '2023-12-06 10:47:12', '2023-12-06 10:47:12', 10, NULL, '');
INSERT INTO `act_hi_actinst` (`ID_`, `PROC_DEF_ID_`, `PROC_INST_ID_`, `EXECUTION_ID_`, `ACT_ID_`, `TASK_ID_`, `CALL_PROC_INST_ID_`, `ACT_NAME_`, `ACT_TYPE_`, `ASSIGNEE_`, `START_TIME_`, `END_TIME_`, `DURATION_`, `DELETE_REASON_`, `TENANT_ID_`) VALUES ('c1ec2fb8-93e1-11ee-9173-1e46bbe0a030', 'leave-apply:1:cafcca1b-8d92-11ee-86f3-cac7020c0d44', 'b65432e3-93e1-11ee-9173-1e46bbe0a030', 'b654f63b-93e1-11ee-9173-1e46bbe0a030', 'sid-7320689c-c96a-4721-95ff-60ab694411cc', 'c1ec56c9-93e1-11ee-9173-1e46bbe0a030', NULL, '领导审批', 'userTask', '1', '2023-12-06 10:47:12', '2023-12-06 10:47:20', 8930, NULL, '');
INSERT INTO `act_hi_actinst` (`ID_`, `PROC_DEF_ID_`, `PROC_INST_ID_`, `EXECUTION_ID_`, `ACT_ID_`, `TASK_ID_`, `CALL_PROC_INST_ID_`, `ACT_NAME_`, `ACT_TYPE_`, `ASSIGNEE_`, `START_TIME_`, `END_TIME_`, `DURATION_`, `DELETE_REASON_`, `TENANT_ID_`) VALUES ('c6eb54b9-93e1-11ee-9173-1e46bbe0a030', 'leave-apply:1:cafcca1b-8d92-11ee-86f3-cac7020c0d44', 'b65432e3-93e1-11ee-9173-1e46bbe0a030', 'b654f63b-93e1-11ee-9173-1e46bbe0a030', 'sid-9D5BEE35-CEF6-423B-B9DA-5A8FD7FAD0B5', NULL, NULL, NULL, 'exclusiveGateway', NULL, '2023-12-06 10:47:20', '2023-12-06 10:47:20', 0, NULL, '');
INSERT INTO `act_hi_actinst` (`ID_`, `PROC_DEF_ID_`, `PROC_INST_ID_`, `EXECUTION_ID_`, `ACT_ID_`, `TASK_ID_`, `CALL_PROC_INST_ID_`, `ACT_NAME_`, `ACT_TYPE_`, `ASSIGNEE_`, `START_TIME_`, `END_TIME_`, `DURATION_`, `DELETE_REASON_`, `TENANT_ID_`) VALUES ('c6ebc9ea-93e1-11ee-9173-1e46bbe0a030', 'leave-apply:1:cafcca1b-8d92-11ee-86f3-cac7020c0d44', 'b65432e3-93e1-11ee-9173-1e46bbe0a030', 'b654f63b-93e1-11ee-9173-1e46bbe0a030', 'sid-1a4f1b43-e737-43ff-8636-0de4c0b15064', NULL, NULL, '结束', 'endEvent', NULL, '2023-12-06 10:47:20', '2023-12-06 10:47:20', 1, NULL, '');
INSERT INTO `act_hi_actinst` (`ID_`, `PROC_DEF_ID_`, `PROC_INST_ID_`, `EXECUTION_ID_`, `ACT_ID_`, `TASK_ID_`, `CALL_PROC_INST_ID_`, `ACT_NAME_`, `ACT_TYPE_`, `ASSIGNEE_`, `START_TIME_`, `END_TIME_`, `DURATION_`, `DELETE_REASON_`, `TENANT_ID_`) VALUES ('e4bd1582-93d8-11ee-8714-1e46bbe0a030', 'evection-apply:1:cbc45fde-8d92-11ee-86f3-cac7020c0d44', 'e4bc0409-93d8-11ee-8714-1e46bbe0a030', 'e4bca051-93d8-11ee-8714-1e46bbe0a030', 'sid-1a4f1b43-e737-43ff-8636-0de4c0b15065', NULL, NULL, '开始', 'startEvent', NULL, '2023-12-06 09:43:45', '2023-12-06 09:43:45', 2, NULL, '');
INSERT INTO `act_hi_actinst` (`ID_`, `PROC_DEF_ID_`, `PROC_INST_ID_`, `EXECUTION_ID_`, `ACT_ID_`, `TASK_ID_`, `CALL_PROC_INST_ID_`, `ACT_NAME_`, `ACT_TYPE_`, `ASSIGNEE_`, `START_TIME_`, `END_TIME_`, `DURATION_`, `DELETE_REASON_`, `TENANT_ID_`) VALUES ('e4be26f3-93d8-11ee-8714-1e46bbe0a030', 'evection-apply:1:cbc45fde-8d92-11ee-86f3-cac7020c0d44', 'e4bc0409-93d8-11ee-8714-1e46bbe0a030', 'e4bca051-93d8-11ee-8714-1e46bbe0a030', 'sid-2c4f7c32-40fa-4f51-9340-85af7ee37e16', 'e4bfd4a4-93d8-11ee-8714-1e46bbe0a030', NULL, '创建申请', 'userTask', '2', '2023-12-06 09:43:45', '2023-12-06 09:43:45', 627, NULL, '');
INSERT INTO `act_hi_actinst` (`ID_`, `PROC_DEF_ID_`, `PROC_INST_ID_`, `EXECUTION_ID_`, `ACT_ID_`, `TASK_ID_`, `CALL_PROC_INST_ID_`, `ACT_NAME_`, `ACT_TYPE_`, `ASSIGNEE_`, `START_TIME_`, `END_TIME_`, `DURATION_`, `DELETE_REASON_`, `TENANT_ID_`) VALUES ('e4d24b3e-93d8-11ee-8714-1e46bbe0a030', 'evection-apply:1:cbc45fde-8d92-11ee-86f3-cac7020c0d44', 'e4bc0409-93d8-11ee-8714-1e46bbe0a030', 'e4bca051-93d8-11ee-8714-1e46bbe0a030', 'sid-18647353-7512-450c-aa98-f7de48b1b742', 'e4d24b3f-93d8-11ee-8714-1e46bbe0a030', NULL, '部门审批', 'userTask', '3', '2023-12-06 09:43:45', NULL, NULL, NULL, '');
COMMIT;

-- ----------------------------
-- Table structure for act_hi_attachment
-- ----------------------------
DROP TABLE IF EXISTS `act_hi_attachment`;
CREATE TABLE `act_hi_attachment` (
  `ID_` varchar(64) NOT NULL,
  `REV_` int(11) DEFAULT NULL COMMENT '乐观锁Version',
  `USER_ID_` varchar(255) DEFAULT NULL COMMENT '用户id',
  `NAME_` varchar(255) DEFAULT NULL COMMENT '名称',
  `DESCRIPTION_` varchar(4000) DEFAULT NULL COMMENT '描述',
  `TYPE_` varchar(255) DEFAULT NULL COMMENT '类型',
  `TASK_ID_` varchar(64) DEFAULT NULL COMMENT '任务Id,节点实例ID',
  `PROC_INST_ID_` varchar(64) DEFAULT NULL COMMENT '流程实例ID',
  `URL_` varchar(4000) DEFAULT NULL COMMENT '附件地址',
  `CONTENT_ID_` varchar(64) DEFAULT NULL COMMENT '内容Id,字节表的ID,ACT_GE_BYTEARRAY的ID',
  `TIME_` datetime DEFAULT NULL,
  PRIMARY KEY (`ID_`)
) ENGINE=InnoDB DEFAULT CHARSET=utf8mb3 COLLATE=utf8mb3_bin COMMENT='附件信息表';

-- ----------------------------
-- Records of act_hi_attachment
-- ----------------------------
BEGIN;
COMMIT;

-- ----------------------------
-- Table structure for act_hi_comment
-- ----------------------------
DROP TABLE IF EXISTS `act_hi_comment`;
CREATE TABLE `act_hi_comment` (
  `ID_` varchar(64) NOT NULL,
  `TYPE_` varchar(255) DEFAULT NULL COMMENT '意见记录类型，为comment时，为处理意见，类型：event（事件）comment（意见）',
  `TIME_` datetime NOT NULL COMMENT '记录时间',
  `USER_ID_` varchar(255) DEFAULT NULL COMMENT '用户Id，填写人',
  `TASK_ID_` varchar(64) DEFAULT NULL COMMENT '任务Id，节点实例ID',
  `PROC_INST_ID_` varchar(64) DEFAULT NULL COMMENT '流程实例Id',
  `ACTION_` varchar(255) DEFAULT NULL COMMENT '行为类型。为addcomment时，为处理意见，值为下列内容中的一种：　　　　AddUserLink、DeleteUserLink、AddGroupLink、DeleteGroupLink、AddComment、AddAttachment、DeleteAttachment',
  `MESSAGE_` varchar(4000) DEFAULT NULL COMMENT '处理意见，用于存放流程产生的信息，比如审批意见',
  `FULL_MSG_` longblob DEFAULT NULL COMMENT '全部消息',
  PRIMARY KEY (`ID_`)
) ENGINE=InnoDB DEFAULT CHARSET=utf8mb3 COLLATE=utf8mb3_bin COMMENT='历史审批意见表';

-- ----------------------------
-- Records of act_hi_comment
-- ----------------------------
BEGIN;
INSERT INTO `act_hi_comment` (`ID_`, `TYPE_`, `TIME_`, `USER_ID_`, `TASK_ID_`, `PROC_INST_ID_`, `ACTION_`, `MESSAGE_`, `FULL_MSG_`) VALUES ('92da439d-9284-11ee-8d20-3ac8b98fcacd', 'comment', '2023-12-04 17:07:39', NULL, '875336d5-9284-11ee-8d20-3ac8b98fcacd', '87415c6f-9284-11ee-8d20-3ac8b98fcacd', 'AddComment', '1', 0x31);
INSERT INTO `act_hi_comment` (`ID_`, `TYPE_`, `TIME_`, `USER_ID_`, `TASK_ID_`, `PROC_INST_ID_`, `ACTION_`, `MESSAGE_`, `FULL_MSG_`) VALUES ('c1e2b9d1-93e1-11ee-9173-1e46bbe0a030', 'comment', '2023-12-06 10:47:12', NULL, 'b664d4c9-93e1-11ee-9173-1e46bbe0a030', 'b65432e3-93e1-11ee-9173-1e46bbe0a030', 'AddComment', '同意', 0xE5908CE6848F);
INSERT INTO `act_hi_comment` (`ID_`, `TYPE_`, `TIME_`, `USER_ID_`, `TASK_ID_`, `PROC_INST_ID_`, `ACTION_`, `MESSAGE_`, `FULL_MSG_`) VALUES ('c6e38c83-93e1-11ee-9173-1e46bbe0a030', 'comment', '2023-12-06 10:47:20', NULL, 'c1ec56c9-93e1-11ee-9173-1e46bbe0a030', 'b65432e3-93e1-11ee-9173-1e46bbe0a030', 'AddComment', '驳回。', 0xE9A9B3E59B9EE38082);
COMMIT;

-- ----------------------------
-- Table structure for act_hi_detail
-- ----------------------------
DROP TABLE IF EXISTS `act_hi_detail`;
CREATE TABLE `act_hi_detail` (
  `ID_` varchar(64) NOT NULL COMMENT '主键',
  `TYPE_` varchar(255) NOT NULL COMMENT '数据类型，FormProperty-表单;VariableUpdate-参数',
  `PROC_INST_ID_` varchar(64) DEFAULT NULL COMMENT '流程实例ID',
  `EXECUTION_ID_` varchar(64) DEFAULT NULL COMMENT '执行实例Id',
  `TASK_ID_` varchar(64) DEFAULT NULL COMMENT '任务Id',
  `ACT_INST_ID_` varchar(64) DEFAULT NULL COMMENT '活动实例Id,ACT_HI_ACTINST表的ID',
  `NAME_` varchar(255) NOT NULL COMMENT '名称',
  `VAR_TYPE_` varchar(255) DEFAULT NULL COMMENT '变量类型,备注：VAR_TYPE_类型说明: jpa-entity、boolean、bytes、serializable(可序列化)、自定义type(根据你自身配置)、 CustomVariableType、date、double、integer、long、null、short、string',
  `REV_` int(11) DEFAULT NULL COMMENT '乐观锁Version',
  `TIME_` datetime NOT NULL COMMENT '创建时间',
  `BYTEARRAY_ID_` varchar(64) DEFAULT NULL COMMENT '字节数组Id,ACT_GE_BYTEARRAY表的ID',
  `DOUBLE_` double DEFAULT NULL COMMENT 'DOUBLE_',
  `LONG_` bigint(20) DEFAULT NULL COMMENT 'LONG_,存储变量类型为long',
  `TEXT_` varchar(4000) DEFAULT NULL COMMENT '值,存储变量值类型为String',
  `TEXT2_` varchar(4000) DEFAULT NULL COMMENT '值2,此处存储的是JPA持久化对象时，才会有值。此值为对象ID',
  PRIMARY KEY (`ID_`),
  KEY `ACT_IDX_HI_DETAIL_PROC_INST` (`PROC_INST_ID_`),
  KEY `ACT_IDX_HI_DETAIL_ACT_INST` (`ACT_INST_ID_`),
  KEY `ACT_IDX_HI_DETAIL_TIME` (`TIME_`),
  KEY `ACT_IDX_HI_DETAIL_NAME` (`NAME_`),
  KEY `ACT_IDX_HI_DETAIL_TASK_ID` (`TASK_ID_`)
) ENGINE=InnoDB DEFAULT CHARSET=utf8mb3 COLLATE=utf8mb3_bin COMMENT='历史详细信息表';

-- ----------------------------
-- Records of act_hi_detail
-- ----------------------------
BEGIN;
INSERT INTO `act_hi_detail` (`ID_`, `TYPE_`, `PROC_INST_ID_`, `EXECUTION_ID_`, `TASK_ID_`, `ACT_INST_ID_`, `NAME_`, `VAR_TYPE_`, `REV_`, `TIME_`, `BYTEARRAY_ID_`, `DOUBLE_`, `LONG_`, `TEXT_`, `TEXT2_`) VALUES ('0cb40793-94aa-11ee-bec2-ae0fbfe9b99d', 'VariableUpdate', '0cb36b50-94aa-11ee-bec2-ae0fbfe9b99d', '0cb36b50-94aa-11ee-bec2-ae0fbfe9b99d', NULL, NULL, 'assignee0', 'string', 0, '2023-12-07 10:40:57', NULL, NULL, NULL, '1', NULL);
INSERT INTO `act_hi_detail` (`ID_`, `TYPE_`, `PROC_INST_ID_`, `EXECUTION_ID_`, `TASK_ID_`, `ACT_INST_ID_`, `NAME_`, `VAR_TYPE_`, `REV_`, `TIME_`, `BYTEARRAY_ID_`, `DOUBLE_`, `LONG_`, `TEXT_`, `TEXT2_`) VALUES ('0cb42ea5-94aa-11ee-bec2-ae0fbfe9b99d', 'VariableUpdate', '0cb36b50-94aa-11ee-bec2-ae0fbfe9b99d', '0cb36b50-94aa-11ee-bec2-ae0fbfe9b99d', NULL, NULL, 'assignee2', 'integer', 0, '2023-12-07 10:40:57', NULL, NULL, 1, '1', NULL);
INSERT INTO `act_hi_detail` (`ID_`, `TYPE_`, `PROC_INST_ID_`, `EXECUTION_ID_`, `TASK_ID_`, `ACT_INST_ID_`, `NAME_`, `VAR_TYPE_`, `REV_`, `TIME_`, `BYTEARRAY_ID_`, `DOUBLE_`, `LONG_`, `TEXT_`, `TEXT2_`) VALUES ('0cb42ea7-94aa-11ee-bec2-ae0fbfe9b99d', 'VariableUpdate', '0cb36b50-94aa-11ee-bec2-ae0fbfe9b99d', '0cb36b50-94aa-11ee-bec2-ae0fbfe9b99d', NULL, NULL, 'assignee1', 'integer', 0, '2023-12-07 10:40:57', NULL, NULL, 3, '3', NULL);
INSERT INTO `act_hi_detail` (`ID_`, `TYPE_`, `PROC_INST_ID_`, `EXECUTION_ID_`, `TASK_ID_`, `ACT_INST_ID_`, `NAME_`, `VAR_TYPE_`, `REV_`, `TIME_`, `BYTEARRAY_ID_`, `DOUBLE_`, `LONG_`, `TEXT_`, `TEXT2_`) VALUES ('0cb8e99d-94aa-11ee-bec2-ae0fbfe9b99d', 'VariableUpdate', '0cb36b50-94aa-11ee-bec2-ae0fbfe9b99d', '0cb455b8-94aa-11ee-bec2-ae0fbfe9b99d', '0cb6edcb-94aa-11ee-bec2-ae0fbfe9b99d', NULL, 'assignee0', 'string', 0, '2023-12-07 10:40:57', NULL, NULL, NULL, '1', NULL);
INSERT INTO `act_hi_detail` (`ID_`, `TYPE_`, `PROC_INST_ID_`, `EXECUTION_ID_`, `TASK_ID_`, `ACT_INST_ID_`, `NAME_`, `VAR_TYPE_`, `REV_`, `TIME_`, `BYTEARRAY_ID_`, `DOUBLE_`, `LONG_`, `TEXT_`, `TEXT2_`) VALUES ('0cb8e99f-94aa-11ee-bec2-ae0fbfe9b99d', 'VariableUpdate', '0cb36b50-94aa-11ee-bec2-ae0fbfe9b99d', '0cb455b8-94aa-11ee-bec2-ae0fbfe9b99d', '0cb6edcb-94aa-11ee-bec2-ae0fbfe9b99d', NULL, 'assignee2', 'integer', 0, '2023-12-07 10:40:57', NULL, NULL, 1, '1', NULL);
INSERT INTO `act_hi_detail` (`ID_`, `TYPE_`, `PROC_INST_ID_`, `EXECUTION_ID_`, `TASK_ID_`, `ACT_INST_ID_`, `NAME_`, `VAR_TYPE_`, `REV_`, `TIME_`, `BYTEARRAY_ID_`, `DOUBLE_`, `LONG_`, `TEXT_`, `TEXT2_`) VALUES ('0cb8e9a1-94aa-11ee-bec2-ae0fbfe9b99d', 'VariableUpdate', '0cb36b50-94aa-11ee-bec2-ae0fbfe9b99d', '0cb455b8-94aa-11ee-bec2-ae0fbfe9b99d', '0cb6edcb-94aa-11ee-bec2-ae0fbfe9b99d', NULL, 'assignee1', 'integer', 0, '2023-12-07 10:40:57', NULL, NULL, 3, '3', NULL);
INSERT INTO `act_hi_detail` (`ID_`, `TYPE_`, `PROC_INST_ID_`, `EXECUTION_ID_`, `TASK_ID_`, `ACT_INST_ID_`, `NAME_`, `VAR_TYPE_`, `REV_`, `TIME_`, `BYTEARRAY_ID_`, `DOUBLE_`, `LONG_`, `TEXT_`, `TEXT2_`) VALUES ('0ccbfb72-94aa-11ee-bec2-ae0fbfe9b99d', 'VariableUpdate', '0cb36b50-94aa-11ee-bec2-ae0fbfe9b99d', '0cb36b50-94aa-11ee-bec2-ae0fbfe9b99d', NULL, NULL, 'assignee0', 'string', 1, '2023-12-07 10:40:57', NULL, NULL, NULL, '1', NULL);
INSERT INTO `act_hi_detail` (`ID_`, `TYPE_`, `PROC_INST_ID_`, `EXECUTION_ID_`, `TASK_ID_`, `ACT_INST_ID_`, `NAME_`, `VAR_TYPE_`, `REV_`, `TIME_`, `BYTEARRAY_ID_`, `DOUBLE_`, `LONG_`, `TEXT_`, `TEXT2_`) VALUES ('0ccc4993-94aa-11ee-bec2-ae0fbfe9b99d', 'VariableUpdate', '0cb36b50-94aa-11ee-bec2-ae0fbfe9b99d', '0cb36b50-94aa-11ee-bec2-ae0fbfe9b99d', NULL, NULL, 'assignee2', 'integer', 1, '2023-12-07 10:40:57', NULL, NULL, 1, '1', NULL);
INSERT INTO `act_hi_detail` (`ID_`, `TYPE_`, `PROC_INST_ID_`, `EXECUTION_ID_`, `TASK_ID_`, `ACT_INST_ID_`, `NAME_`, `VAR_TYPE_`, `REV_`, `TIME_`, `BYTEARRAY_ID_`, `DOUBLE_`, `LONG_`, `TEXT_`, `TEXT2_`) VALUES ('0cccbec4-94aa-11ee-bec2-ae0fbfe9b99d', 'VariableUpdate', '0cb36b50-94aa-11ee-bec2-ae0fbfe9b99d', '0cb36b50-94aa-11ee-bec2-ae0fbfe9b99d', NULL, NULL, 'assignee1', 'integer', 1, '2023-12-07 10:40:57', NULL, NULL, 3, '3', NULL);
INSERT INTO `act_hi_detail` (`ID_`, `TYPE_`, `PROC_INST_ID_`, `EXECUTION_ID_`, `TASK_ID_`, `ACT_INST_ID_`, `NAME_`, `VAR_TYPE_`, `REV_`, `TIME_`, `BYTEARRAY_ID_`, `DOUBLE_`, `LONG_`, `TEXT_`, `TEXT2_`) VALUES ('0ccd8218-94aa-11ee-bec2-ae0fbfe9b99d', 'VariableUpdate', '0cb36b50-94aa-11ee-bec2-ae0fbfe9b99d', '0cb455b8-94aa-11ee-bec2-ae0fbfe9b99d', '0ccd33f6-94aa-11ee-bec2-ae0fbfe9b99d', NULL, 'assignee0', 'string', 0, '2023-12-07 10:40:57', NULL, NULL, NULL, '1', NULL);
INSERT INTO `act_hi_detail` (`ID_`, `TYPE_`, `PROC_INST_ID_`, `EXECUTION_ID_`, `TASK_ID_`, `ACT_INST_ID_`, `NAME_`, `VAR_TYPE_`, `REV_`, `TIME_`, `BYTEARRAY_ID_`, `DOUBLE_`, `LONG_`, `TEXT_`, `TEXT2_`) VALUES ('0ccd821a-94aa-11ee-bec2-ae0fbfe9b99d', 'VariableUpdate', '0cb36b50-94aa-11ee-bec2-ae0fbfe9b99d', '0cb455b8-94aa-11ee-bec2-ae0fbfe9b99d', '0ccd33f6-94aa-11ee-bec2-ae0fbfe9b99d', NULL, 'assignee2', 'integer', 0, '2023-12-07 10:40:57', NULL, NULL, 1, '1', NULL);
INSERT INTO `act_hi_detail` (`ID_`, `TYPE_`, `PROC_INST_ID_`, `EXECUTION_ID_`, `TASK_ID_`, `ACT_INST_ID_`, `NAME_`, `VAR_TYPE_`, `REV_`, `TIME_`, `BYTEARRAY_ID_`, `DOUBLE_`, `LONG_`, `TEXT_`, `TEXT2_`) VALUES ('0ccd821c-94aa-11ee-bec2-ae0fbfe9b99d', 'VariableUpdate', '0cb36b50-94aa-11ee-bec2-ae0fbfe9b99d', '0cb455b8-94aa-11ee-bec2-ae0fbfe9b99d', '0ccd33f6-94aa-11ee-bec2-ae0fbfe9b99d', NULL, 'assignee1', 'integer', 0, '2023-12-07 10:40:57', NULL, NULL, 3, '3', NULL);
INSERT INTO `act_hi_detail` (`ID_`, `TYPE_`, `PROC_INST_ID_`, `EXECUTION_ID_`, `TASK_ID_`, `ACT_INST_ID_`, `NAME_`, `VAR_TYPE_`, `REV_`, `TIME_`, `BYTEARRAY_ID_`, `DOUBLE_`, `LONG_`, `TEXT_`, `TEXT2_`) VALUES ('6cf1401f-930a-11ee-a0b1-1ac551d3e0df', 'VariableUpdate', '6cf0caec-930a-11ee-a0b1-1ac551d3e0df', '6cf0caec-930a-11ee-a0b1-1ac551d3e0df', NULL, NULL, 'assignee0', 'string', 0, '2023-12-05 09:05:48', NULL, NULL, NULL, '2', NULL);
INSERT INTO `act_hi_detail` (`ID_`, `TYPE_`, `PROC_INST_ID_`, `EXECUTION_ID_`, `TASK_ID_`, `ACT_INST_ID_`, `NAME_`, `VAR_TYPE_`, `REV_`, `TIME_`, `BYTEARRAY_ID_`, `DOUBLE_`, `LONG_`, `TEXT_`, `TEXT2_`) VALUES ('6cf16731-930a-11ee-a0b1-1ac551d3e0df', 'VariableUpdate', '6cf0caec-930a-11ee-a0b1-1ac551d3e0df', '6cf0caec-930a-11ee-a0b1-1ac551d3e0df', NULL, NULL, 'assignee2', 'integer', 0, '2023-12-05 09:05:48', NULL, NULL, 1, '1', NULL);
INSERT INTO `act_hi_detail` (`ID_`, `TYPE_`, `PROC_INST_ID_`, `EXECUTION_ID_`, `TASK_ID_`, `ACT_INST_ID_`, `NAME_`, `VAR_TYPE_`, `REV_`, `TIME_`, `BYTEARRAY_ID_`, `DOUBLE_`, `LONG_`, `TEXT_`, `TEXT2_`) VALUES ('6cf16733-930a-11ee-a0b1-1ac551d3e0df', 'VariableUpdate', '6cf0caec-930a-11ee-a0b1-1ac551d3e0df', '6cf0caec-930a-11ee-a0b1-1ac551d3e0df', NULL, NULL, 'assignee1', 'integer', 0, '2023-12-05 09:05:48', NULL, NULL, 3, '3', NULL);
INSERT INTO `act_hi_detail` (`ID_`, `TYPE_`, `PROC_INST_ID_`, `EXECUTION_ID_`, `TASK_ID_`, `ACT_INST_ID_`, `NAME_`, `VAR_TYPE_`, `REV_`, `TIME_`, `BYTEARRAY_ID_`, `DOUBLE_`, `LONG_`, `TEXT_`, `TEXT2_`) VALUES ('6cf5d409-930a-11ee-a0b1-1ac551d3e0df', 'VariableUpdate', '6cf0caec-930a-11ee-a0b1-1ac551d3e0df', '6cf18e44-930a-11ee-a0b1-1ac551d3e0df', '6cf42657-930a-11ee-a0b1-1ac551d3e0df', NULL, 'assignee0', 'string', 0, '2023-12-05 09:05:48', NULL, NULL, NULL, '2', NULL);
INSERT INTO `act_hi_detail` (`ID_`, `TYPE_`, `PROC_INST_ID_`, `EXECUTION_ID_`, `TASK_ID_`, `ACT_INST_ID_`, `NAME_`, `VAR_TYPE_`, `REV_`, `TIME_`, `BYTEARRAY_ID_`, `DOUBLE_`, `LONG_`, `TEXT_`, `TEXT2_`) VALUES ('6cf5d40b-930a-11ee-a0b1-1ac551d3e0df', 'VariableUpdate', '6cf0caec-930a-11ee-a0b1-1ac551d3e0df', '6cf18e44-930a-11ee-a0b1-1ac551d3e0df', '6cf42657-930a-11ee-a0b1-1ac551d3e0df', NULL, 'assignee2', 'integer', 0, '2023-12-05 09:05:48', NULL, NULL, 1, '1', NULL);
INSERT INTO `act_hi_detail` (`ID_`, `TYPE_`, `PROC_INST_ID_`, `EXECUTION_ID_`, `TASK_ID_`, `ACT_INST_ID_`, `NAME_`, `VAR_TYPE_`, `REV_`, `TIME_`, `BYTEARRAY_ID_`, `DOUBLE_`, `LONG_`, `TEXT_`, `TEXT2_`) VALUES ('6cf5d40d-930a-11ee-a0b1-1ac551d3e0df', 'VariableUpdate', '6cf0caec-930a-11ee-a0b1-1ac551d3e0df', '6cf18e44-930a-11ee-a0b1-1ac551d3e0df', '6cf42657-930a-11ee-a0b1-1ac551d3e0df', NULL, 'assignee1', 'integer', 0, '2023-12-05 09:05:48', NULL, NULL, 3, '3', NULL);
INSERT INTO `act_hi_detail` (`ID_`, `TYPE_`, `PROC_INST_ID_`, `EXECUTION_ID_`, `TASK_ID_`, `ACT_INST_ID_`, `NAME_`, `VAR_TYPE_`, `REV_`, `TIME_`, `BYTEARRAY_ID_`, `DOUBLE_`, `LONG_`, `TEXT_`, `TEXT2_`) VALUES ('6cff70fe-930a-11ee-a0b1-1ac551d3e0df', 'VariableUpdate', '6cf0caec-930a-11ee-a0b1-1ac551d3e0df', '6cf0caec-930a-11ee-a0b1-1ac551d3e0df', NULL, NULL, 'assignee0', 'string', 1, '2023-12-05 09:05:48', NULL, NULL, NULL, '2', NULL);
INSERT INTO `act_hi_detail` (`ID_`, `TYPE_`, `PROC_INST_ID_`, `EXECUTION_ID_`, `TASK_ID_`, `ACT_INST_ID_`, `NAME_`, `VAR_TYPE_`, `REV_`, `TIME_`, `BYTEARRAY_ID_`, `DOUBLE_`, `LONG_`, `TEXT_`, `TEXT2_`) VALUES ('6cffe62f-930a-11ee-a0b1-1ac551d3e0df', 'VariableUpdate', '6cf0caec-930a-11ee-a0b1-1ac551d3e0df', '6cf0caec-930a-11ee-a0b1-1ac551d3e0df', NULL, NULL, 'assignee2', 'integer', 1, '2023-12-05 09:05:48', NULL, NULL, 1, '1', NULL);
INSERT INTO `act_hi_detail` (`ID_`, `TYPE_`, `PROC_INST_ID_`, `EXECUTION_ID_`, `TASK_ID_`, `ACT_INST_ID_`, `NAME_`, `VAR_TYPE_`, `REV_`, `TIME_`, `BYTEARRAY_ID_`, `DOUBLE_`, `LONG_`, `TEXT_`, `TEXT2_`) VALUES ('6d000d40-930a-11ee-a0b1-1ac551d3e0df', 'VariableUpdate', '6cf0caec-930a-11ee-a0b1-1ac551d3e0df', '6cf0caec-930a-11ee-a0b1-1ac551d3e0df', NULL, NULL, 'assignee1', 'integer', 1, '2023-12-05 09:05:48', NULL, NULL, 3, '3', NULL);
INSERT INTO `act_hi_detail` (`ID_`, `TYPE_`, `PROC_INST_ID_`, `EXECUTION_ID_`, `TASK_ID_`, `ACT_INST_ID_`, `NAME_`, `VAR_TYPE_`, `REV_`, `TIME_`, `BYTEARRAY_ID_`, `DOUBLE_`, `LONG_`, `TEXT_`, `TEXT2_`) VALUES ('6d00f7a4-930a-11ee-a0b1-1ac551d3e0df', 'VariableUpdate', '6cf0caec-930a-11ee-a0b1-1ac551d3e0df', '6cf18e44-930a-11ee-a0b1-1ac551d3e0df', '6d008272-930a-11ee-a0b1-1ac551d3e0df', NULL, 'assignee0', 'string', 0, '2023-12-05 09:05:48', NULL, NULL, NULL, '2', NULL);
INSERT INTO `act_hi_detail` (`ID_`, `TYPE_`, `PROC_INST_ID_`, `EXECUTION_ID_`, `TASK_ID_`, `ACT_INST_ID_`, `NAME_`, `VAR_TYPE_`, `REV_`, `TIME_`, `BYTEARRAY_ID_`, `DOUBLE_`, `LONG_`, `TEXT_`, `TEXT2_`) VALUES ('6d011eb6-930a-11ee-a0b1-1ac551d3e0df', 'VariableUpdate', '6cf0caec-930a-11ee-a0b1-1ac551d3e0df', '6cf18e44-930a-11ee-a0b1-1ac551d3e0df', '6d008272-930a-11ee-a0b1-1ac551d3e0df', NULL, 'assignee2', 'integer', 0, '2023-12-05 09:05:48', NULL, NULL, 1, '1', NULL);
INSERT INTO `act_hi_detail` (`ID_`, `TYPE_`, `PROC_INST_ID_`, `EXECUTION_ID_`, `TASK_ID_`, `ACT_INST_ID_`, `NAME_`, `VAR_TYPE_`, `REV_`, `TIME_`, `BYTEARRAY_ID_`, `DOUBLE_`, `LONG_`, `TEXT_`, `TEXT2_`) VALUES ('6d011eb8-930a-11ee-a0b1-1ac551d3e0df', 'VariableUpdate', '6cf0caec-930a-11ee-a0b1-1ac551d3e0df', '6cf18e44-930a-11ee-a0b1-1ac551d3e0df', '6d008272-930a-11ee-a0b1-1ac551d3e0df', NULL, 'assignee1', 'integer', 0, '2023-12-05 09:05:48', NULL, NULL, 3, '3', NULL);
INSERT INTO `act_hi_detail` (`ID_`, `TYPE_`, `PROC_INST_ID_`, `EXECUTION_ID_`, `TASK_ID_`, `ACT_INST_ID_`, `NAME_`, `VAR_TYPE_`, `REV_`, `TIME_`, `BYTEARRAY_ID_`, `DOUBLE_`, `LONG_`, `TEXT_`, `TEXT2_`) VALUES ('8741aa92-9284-11ee-8d20-3ac8b98fcacd', 'VariableUpdate', '87415c6f-9284-11ee-8d20-3ac8b98fcacd', '87415c6f-9284-11ee-8d20-3ac8b98fcacd', NULL, NULL, 'assignee0', 'string', 0, '2023-12-04 17:07:19', NULL, NULL, NULL, '2', NULL);
INSERT INTO `act_hi_detail` (`ID_`, `TYPE_`, `PROC_INST_ID_`, `EXECUTION_ID_`, `TASK_ID_`, `ACT_INST_ID_`, `NAME_`, `VAR_TYPE_`, `REV_`, `TIME_`, `BYTEARRAY_ID_`, `DOUBLE_`, `LONG_`, `TEXT_`, `TEXT2_`) VALUES ('8741f8b4-9284-11ee-8d20-3ac8b98fcacd', 'VariableUpdate', '87415c6f-9284-11ee-8d20-3ac8b98fcacd', '87415c6f-9284-11ee-8d20-3ac8b98fcacd', NULL, NULL, 'assignee2', 'integer', 0, '2023-12-04 17:07:19', NULL, NULL, 1, '1', NULL);
INSERT INTO `act_hi_detail` (`ID_`, `TYPE_`, `PROC_INST_ID_`, `EXECUTION_ID_`, `TASK_ID_`, `ACT_INST_ID_`, `NAME_`, `VAR_TYPE_`, `REV_`, `TIME_`, `BYTEARRAY_ID_`, `DOUBLE_`, `LONG_`, `TEXT_`, `TEXT2_`) VALUES ('8741f8b6-9284-11ee-8d20-3ac8b98fcacd', 'VariableUpdate', '87415c6f-9284-11ee-8d20-3ac8b98fcacd', '87415c6f-9284-11ee-8d20-3ac8b98fcacd', NULL, NULL, 'assignee1', 'integer', 0, '2023-12-04 17:07:19', NULL, NULL, 3, '3', NULL);
INSERT INTO `act_hi_detail` (`ID_`, `TYPE_`, `PROC_INST_ID_`, `EXECUTION_ID_`, `TASK_ID_`, `ACT_INST_ID_`, `NAME_`, `VAR_TYPE_`, `REV_`, `TIME_`, `BYTEARRAY_ID_`, `DOUBLE_`, `LONG_`, `TEXT_`, `TEXT2_`) VALUES ('87452d0c-9284-11ee-8d20-3ac8b98fcacd', 'VariableUpdate', '87415c6f-9284-11ee-8d20-3ac8b98fcacd', '87421fc7-9284-11ee-8d20-3ac8b98fcacd', '874442aa-9284-11ee-8d20-3ac8b98fcacd', NULL, 'assignee0', 'string', 0, '2023-12-04 17:07:19', NULL, NULL, NULL, '2', NULL);
INSERT INTO `act_hi_detail` (`ID_`, `TYPE_`, `PROC_INST_ID_`, `EXECUTION_ID_`, `TASK_ID_`, `ACT_INST_ID_`, `NAME_`, `VAR_TYPE_`, `REV_`, `TIME_`, `BYTEARRAY_ID_`, `DOUBLE_`, `LONG_`, `TEXT_`, `TEXT2_`) VALUES ('8745541e-9284-11ee-8d20-3ac8b98fcacd', 'VariableUpdate', '87415c6f-9284-11ee-8d20-3ac8b98fcacd', '87421fc7-9284-11ee-8d20-3ac8b98fcacd', '874442aa-9284-11ee-8d20-3ac8b98fcacd', NULL, 'assignee2', 'integer', 0, '2023-12-04 17:07:19', NULL, NULL, 1, '1', NULL);
INSERT INTO `act_hi_detail` (`ID_`, `TYPE_`, `PROC_INST_ID_`, `EXECUTION_ID_`, `TASK_ID_`, `ACT_INST_ID_`, `NAME_`, `VAR_TYPE_`, `REV_`, `TIME_`, `BYTEARRAY_ID_`, `DOUBLE_`, `LONG_`, `TEXT_`, `TEXT2_`) VALUES ('87455420-9284-11ee-8d20-3ac8b98fcacd', 'VariableUpdate', '87415c6f-9284-11ee-8d20-3ac8b98fcacd', '87421fc7-9284-11ee-8d20-3ac8b98fcacd', '874442aa-9284-11ee-8d20-3ac8b98fcacd', NULL, 'assignee1', 'integer', 0, '2023-12-04 17:07:19', NULL, NULL, 3, '3', NULL);
INSERT INTO `act_hi_detail` (`ID_`, `TYPE_`, `PROC_INST_ID_`, `EXECUTION_ID_`, `TASK_ID_`, `ACT_INST_ID_`, `NAME_`, `VAR_TYPE_`, `REV_`, `TIME_`, `BYTEARRAY_ID_`, `DOUBLE_`, `LONG_`, `TEXT_`, `TEXT2_`) VALUES ('87522561-9284-11ee-8d20-3ac8b98fcacd', 'VariableUpdate', '87415c6f-9284-11ee-8d20-3ac8b98fcacd', '87415c6f-9284-11ee-8d20-3ac8b98fcacd', NULL, NULL, 'assignee0', 'string', 1, '2023-12-04 17:07:19', NULL, NULL, NULL, '2', NULL);
INSERT INTO `act_hi_detail` (`ID_`, `TYPE_`, `PROC_INST_ID_`, `EXECUTION_ID_`, `TASK_ID_`, `ACT_INST_ID_`, `NAME_`, `VAR_TYPE_`, `REV_`, `TIME_`, `BYTEARRAY_ID_`, `DOUBLE_`, `LONG_`, `TEXT_`, `TEXT2_`) VALUES ('87527382-9284-11ee-8d20-3ac8b98fcacd', 'VariableUpdate', '87415c6f-9284-11ee-8d20-3ac8b98fcacd', '87415c6f-9284-11ee-8d20-3ac8b98fcacd', NULL, NULL, 'assignee2', 'integer', 1, '2023-12-04 17:07:19', NULL, NULL, 1, '1', NULL);
INSERT INTO `act_hi_detail` (`ID_`, `TYPE_`, `PROC_INST_ID_`, `EXECUTION_ID_`, `TASK_ID_`, `ACT_INST_ID_`, `NAME_`, `VAR_TYPE_`, `REV_`, `TIME_`, `BYTEARRAY_ID_`, `DOUBLE_`, `LONG_`, `TEXT_`, `TEXT2_`) VALUES ('8752c1a3-9284-11ee-8d20-3ac8b98fcacd', 'VariableUpdate', '87415c6f-9284-11ee-8d20-3ac8b98fcacd', '87415c6f-9284-11ee-8d20-3ac8b98fcacd', NULL, NULL, 'assignee1', 'integer', 1, '2023-12-04 17:07:19', NULL, NULL, 3, '3', NULL);
INSERT INTO `act_hi_detail` (`ID_`, `TYPE_`, `PROC_INST_ID_`, `EXECUTION_ID_`, `TASK_ID_`, `ACT_INST_ID_`, `NAME_`, `VAR_TYPE_`, `REV_`, `TIME_`, `BYTEARRAY_ID_`, `DOUBLE_`, `LONG_`, `TEXT_`, `TEXT2_`) VALUES ('8753fa27-9284-11ee-8d20-3ac8b98fcacd', 'VariableUpdate', '87415c6f-9284-11ee-8d20-3ac8b98fcacd', '87421fc7-9284-11ee-8d20-3ac8b98fcacd', '875336d5-9284-11ee-8d20-3ac8b98fcacd', NULL, 'assignee0', 'string', 0, '2023-12-04 17:07:19', NULL, NULL, NULL, '2', NULL);
INSERT INTO `act_hi_detail` (`ID_`, `TYPE_`, `PROC_INST_ID_`, `EXECUTION_ID_`, `TASK_ID_`, `ACT_INST_ID_`, `NAME_`, `VAR_TYPE_`, `REV_`, `TIME_`, `BYTEARRAY_ID_`, `DOUBLE_`, `LONG_`, `TEXT_`, `TEXT2_`) VALUES ('87542139-9284-11ee-8d20-3ac8b98fcacd', 'VariableUpdate', '87415c6f-9284-11ee-8d20-3ac8b98fcacd', '87421fc7-9284-11ee-8d20-3ac8b98fcacd', '875336d5-9284-11ee-8d20-3ac8b98fcacd', NULL, 'assignee2', 'integer', 0, '2023-12-04 17:07:19', NULL, NULL, 1, '1', NULL);
INSERT INTO `act_hi_detail` (`ID_`, `TYPE_`, `PROC_INST_ID_`, `EXECUTION_ID_`, `TASK_ID_`, `ACT_INST_ID_`, `NAME_`, `VAR_TYPE_`, `REV_`, `TIME_`, `BYTEARRAY_ID_`, `DOUBLE_`, `LONG_`, `TEXT_`, `TEXT2_`) VALUES ('8754213b-9284-11ee-8d20-3ac8b98fcacd', 'VariableUpdate', '87415c6f-9284-11ee-8d20-3ac8b98fcacd', '87421fc7-9284-11ee-8d20-3ac8b98fcacd', '875336d5-9284-11ee-8d20-3ac8b98fcacd', NULL, 'assignee1', 'integer', 0, '2023-12-04 17:07:19', NULL, NULL, 3, '3', NULL);
INSERT INTO `act_hi_detail` (`ID_`, `TYPE_`, `PROC_INST_ID_`, `EXECUTION_ID_`, `TASK_ID_`, `ACT_INST_ID_`, `NAME_`, `VAR_TYPE_`, `REV_`, `TIME_`, `BYTEARRAY_ID_`, `DOUBLE_`, `LONG_`, `TEXT_`, `TEXT2_`) VALUES ('92e1969f-9284-11ee-8d20-3ac8b98fcacd', 'VariableUpdate', '87415c6f-9284-11ee-8d20-3ac8b98fcacd', '87415c6f-9284-11ee-8d20-3ac8b98fcacd', NULL, '875336d4-9284-11ee-8d20-3ac8b98fcacd', 'status', 'json', 0, '2023-12-04 17:07:39', NULL, NULL, NULL, '2', 'java.lang.Byte');
INSERT INTO `act_hi_detail` (`ID_`, `TYPE_`, `PROC_INST_ID_`, `EXECUTION_ID_`, `TASK_ID_`, `ACT_INST_ID_`, `NAME_`, `VAR_TYPE_`, `REV_`, `TIME_`, `BYTEARRAY_ID_`, `DOUBLE_`, `LONG_`, `TEXT_`, `TEXT2_`) VALUES ('92e407a0-9284-11ee-8d20-3ac8b98fcacd', 'VariableUpdate', '87415c6f-9284-11ee-8d20-3ac8b98fcacd', '87415c6f-9284-11ee-8d20-3ac8b98fcacd', NULL, NULL, 'assignee0', 'string', 1, '2023-12-04 17:07:39', NULL, NULL, NULL, '2', NULL);
INSERT INTO `act_hi_detail` (`ID_`, `TYPE_`, `PROC_INST_ID_`, `EXECUTION_ID_`, `TASK_ID_`, `ACT_INST_ID_`, `NAME_`, `VAR_TYPE_`, `REV_`, `TIME_`, `BYTEARRAY_ID_`, `DOUBLE_`, `LONG_`, `TEXT_`, `TEXT2_`) VALUES ('92e455c1-9284-11ee-8d20-3ac8b98fcacd', 'VariableUpdate', '87415c6f-9284-11ee-8d20-3ac8b98fcacd', '87415c6f-9284-11ee-8d20-3ac8b98fcacd', NULL, NULL, 'assignee2', 'integer', 1, '2023-12-04 17:07:39', NULL, NULL, 1, '1', NULL);
INSERT INTO `act_hi_detail` (`ID_`, `TYPE_`, `PROC_INST_ID_`, `EXECUTION_ID_`, `TASK_ID_`, `ACT_INST_ID_`, `NAME_`, `VAR_TYPE_`, `REV_`, `TIME_`, `BYTEARRAY_ID_`, `DOUBLE_`, `LONG_`, `TEXT_`, `TEXT2_`) VALUES ('92e47cd2-9284-11ee-8d20-3ac8b98fcacd', 'VariableUpdate', '87415c6f-9284-11ee-8d20-3ac8b98fcacd', '87415c6f-9284-11ee-8d20-3ac8b98fcacd', NULL, NULL, 'assignee1', 'integer', 1, '2023-12-04 17:07:39', NULL, NULL, 3, '3', NULL);
INSERT INTO `act_hi_detail` (`ID_`, `TYPE_`, `PROC_INST_ID_`, `EXECUTION_ID_`, `TASK_ID_`, `ACT_INST_ID_`, `NAME_`, `VAR_TYPE_`, `REV_`, `TIME_`, `BYTEARRAY_ID_`, `DOUBLE_`, `LONG_`, `TEXT_`, `TEXT2_`) VALUES ('b654a816-93e1-11ee-9173-1e46bbe0a030', 'VariableUpdate', 'b65432e3-93e1-11ee-9173-1e46bbe0a030', 'b65432e3-93e1-11ee-9173-1e46bbe0a030', NULL, NULL, 'assignee0', 'integer', 0, '2023-12-06 10:46:53', NULL, NULL, 2, '2', NULL);
INSERT INTO `act_hi_detail` (`ID_`, `TYPE_`, `PROC_INST_ID_`, `EXECUTION_ID_`, `TASK_ID_`, `ACT_INST_ID_`, `NAME_`, `VAR_TYPE_`, `REV_`, `TIME_`, `BYTEARRAY_ID_`, `DOUBLE_`, `LONG_`, `TEXT_`, `TEXT2_`) VALUES ('b654f638-93e1-11ee-9173-1e46bbe0a030', 'VariableUpdate', 'b65432e3-93e1-11ee-9173-1e46bbe0a030', 'b65432e3-93e1-11ee-9173-1e46bbe0a030', NULL, NULL, 'assignee2', 'integer', 0, '2023-12-06 10:46:53', NULL, NULL, 1, '1', NULL);
INSERT INTO `act_hi_detail` (`ID_`, `TYPE_`, `PROC_INST_ID_`, `EXECUTION_ID_`, `TASK_ID_`, `ACT_INST_ID_`, `NAME_`, `VAR_TYPE_`, `REV_`, `TIME_`, `BYTEARRAY_ID_`, `DOUBLE_`, `LONG_`, `TEXT_`, `TEXT2_`) VALUES ('b654f63a-93e1-11ee-9173-1e46bbe0a030', 'VariableUpdate', 'b65432e3-93e1-11ee-9173-1e46bbe0a030', 'b65432e3-93e1-11ee-9173-1e46bbe0a030', NULL, NULL, 'assignee1', 'integer', 0, '2023-12-06 10:46:53', NULL, NULL, 3, '3', NULL);
INSERT INTO `act_hi_detail` (`ID_`, `TYPE_`, `PROC_INST_ID_`, `EXECUTION_ID_`, `TASK_ID_`, `ACT_INST_ID_`, `NAME_`, `VAR_TYPE_`, `REV_`, `TIME_`, `BYTEARRAY_ID_`, `DOUBLE_`, `LONG_`, `TEXT_`, `TEXT2_`) VALUES ('b65a9b90-93e1-11ee-9173-1e46bbe0a030', 'VariableUpdate', 'b65432e3-93e1-11ee-9173-1e46bbe0a030', 'b654f63b-93e1-11ee-9173-1e46bbe0a030', 'b658edde-93e1-11ee-9173-1e46bbe0a030', NULL, 'assignee0', 'integer', 0, '2023-12-06 10:46:53', NULL, NULL, 2, '2', NULL);
INSERT INTO `act_hi_detail` (`ID_`, `TYPE_`, `PROC_INST_ID_`, `EXECUTION_ID_`, `TASK_ID_`, `ACT_INST_ID_`, `NAME_`, `VAR_TYPE_`, `REV_`, `TIME_`, `BYTEARRAY_ID_`, `DOUBLE_`, `LONG_`, `TEXT_`, `TEXT2_`) VALUES ('b65a9b92-93e1-11ee-9173-1e46bbe0a030', 'VariableUpdate', 'b65432e3-93e1-11ee-9173-1e46bbe0a030', 'b654f63b-93e1-11ee-9173-1e46bbe0a030', 'b658edde-93e1-11ee-9173-1e46bbe0a030', NULL, 'assignee2', 'integer', 0, '2023-12-06 10:46:53', NULL, NULL, 1, '1', NULL);
INSERT INTO `act_hi_detail` (`ID_`, `TYPE_`, `PROC_INST_ID_`, `EXECUTION_ID_`, `TASK_ID_`, `ACT_INST_ID_`, `NAME_`, `VAR_TYPE_`, `REV_`, `TIME_`, `BYTEARRAY_ID_`, `DOUBLE_`, `LONG_`, `TEXT_`, `TEXT2_`) VALUES ('b65ac2a4-93e1-11ee-9173-1e46bbe0a030', 'VariableUpdate', 'b65432e3-93e1-11ee-9173-1e46bbe0a030', 'b654f63b-93e1-11ee-9173-1e46bbe0a030', 'b658edde-93e1-11ee-9173-1e46bbe0a030', NULL, 'assignee1', 'integer', 0, '2023-12-06 10:46:53', NULL, NULL, 3, '3', NULL);
INSERT INTO `act_hi_detail` (`ID_`, `TYPE_`, `PROC_INST_ID_`, `EXECUTION_ID_`, `TASK_ID_`, `ACT_INST_ID_`, `NAME_`, `VAR_TYPE_`, `REV_`, `TIME_`, `BYTEARRAY_ID_`, `DOUBLE_`, `LONG_`, `TEXT_`, `TEXT2_`) VALUES ('b663c355-93e1-11ee-9173-1e46bbe0a030', 'VariableUpdate', 'b65432e3-93e1-11ee-9173-1e46bbe0a030', 'b65432e3-93e1-11ee-9173-1e46bbe0a030', NULL, NULL, 'assignee0', 'integer', 1, '2023-12-06 10:46:53', NULL, NULL, 2, '2', NULL);
INSERT INTO `act_hi_detail` (`ID_`, `TYPE_`, `PROC_INST_ID_`, `EXECUTION_ID_`, `TASK_ID_`, `ACT_INST_ID_`, `NAME_`, `VAR_TYPE_`, `REV_`, `TIME_`, `BYTEARRAY_ID_`, `DOUBLE_`, `LONG_`, `TEXT_`, `TEXT2_`) VALUES ('b6643886-93e1-11ee-9173-1e46bbe0a030', 'VariableUpdate', 'b65432e3-93e1-11ee-9173-1e46bbe0a030', 'b65432e3-93e1-11ee-9173-1e46bbe0a030', NULL, NULL, 'assignee2', 'integer', 1, '2023-12-06 10:46:53', NULL, NULL, 1, '1', NULL);
INSERT INTO `act_hi_detail` (`ID_`, `TYPE_`, `PROC_INST_ID_`, `EXECUTION_ID_`, `TASK_ID_`, `ACT_INST_ID_`, `NAME_`, `VAR_TYPE_`, `REV_`, `TIME_`, `BYTEARRAY_ID_`, `DOUBLE_`, `LONG_`, `TEXT_`, `TEXT2_`) VALUES ('b6645f97-93e1-11ee-9173-1e46bbe0a030', 'VariableUpdate', 'b65432e3-93e1-11ee-9173-1e46bbe0a030', 'b65432e3-93e1-11ee-9173-1e46bbe0a030', NULL, NULL, 'assignee1', 'integer', 1, '2023-12-06 10:46:53', NULL, NULL, 3, '3', NULL);
INSERT INTO `act_hi_detail` (`ID_`, `TYPE_`, `PROC_INST_ID_`, `EXECUTION_ID_`, `TASK_ID_`, `ACT_INST_ID_`, `NAME_`, `VAR_TYPE_`, `REV_`, `TIME_`, `BYTEARRAY_ID_`, `DOUBLE_`, `LONG_`, `TEXT_`, `TEXT2_`) VALUES ('b66549fb-93e1-11ee-9173-1e46bbe0a030', 'VariableUpdate', 'b65432e3-93e1-11ee-9173-1e46bbe0a030', 'b654f63b-93e1-11ee-9173-1e46bbe0a030', 'b664d4c9-93e1-11ee-9173-1e46bbe0a030', NULL, 'assignee0', 'integer', 0, '2023-12-06 10:46:53', NULL, NULL, 2, '2', NULL);
INSERT INTO `act_hi_detail` (`ID_`, `TYPE_`, `PROC_INST_ID_`, `EXECUTION_ID_`, `TASK_ID_`, `ACT_INST_ID_`, `NAME_`, `VAR_TYPE_`, `REV_`, `TIME_`, `BYTEARRAY_ID_`, `DOUBLE_`, `LONG_`, `TEXT_`, `TEXT2_`) VALUES ('b665710d-93e1-11ee-9173-1e46bbe0a030', 'VariableUpdate', 'b65432e3-93e1-11ee-9173-1e46bbe0a030', 'b654f63b-93e1-11ee-9173-1e46bbe0a030', 'b664d4c9-93e1-11ee-9173-1e46bbe0a030', NULL, 'assignee2', 'integer', 0, '2023-12-06 10:46:53', NULL, NULL, 1, '1', NULL);
INSERT INTO `act_hi_detail` (`ID_`, `TYPE_`, `PROC_INST_ID_`, `EXECUTION_ID_`, `TASK_ID_`, `ACT_INST_ID_`, `NAME_`, `VAR_TYPE_`, `REV_`, `TIME_`, `BYTEARRAY_ID_`, `DOUBLE_`, `LONG_`, `TEXT_`, `TEXT2_`) VALUES ('b665710f-93e1-11ee-9173-1e46bbe0a030', 'VariableUpdate', 'b65432e3-93e1-11ee-9173-1e46bbe0a030', 'b654f63b-93e1-11ee-9173-1e46bbe0a030', 'b664d4c9-93e1-11ee-9173-1e46bbe0a030', NULL, 'assignee1', 'integer', 0, '2023-12-06 10:46:53', NULL, NULL, 3, '3', NULL);
INSERT INTO `act_hi_detail` (`ID_`, `TYPE_`, `PROC_INST_ID_`, `EXECUTION_ID_`, `TASK_ID_`, `ACT_INST_ID_`, `NAME_`, `VAR_TYPE_`, `REV_`, `TIME_`, `BYTEARRAY_ID_`, `DOUBLE_`, `LONG_`, `TEXT_`, `TEXT2_`) VALUES ('c1e63c43-93e1-11ee-9173-1e46bbe0a030', 'VariableUpdate', 'b65432e3-93e1-11ee-9173-1e46bbe0a030', 'b65432e3-93e1-11ee-9173-1e46bbe0a030', NULL, 'b664d4c8-93e1-11ee-9173-1e46bbe0a030', 'status', 'json', 0, '2023-12-06 10:47:12', NULL, NULL, NULL, '1', 'java.lang.Byte');
INSERT INTO `act_hi_detail` (`ID_`, `TYPE_`, `PROC_INST_ID_`, `EXECUTION_ID_`, `TASK_ID_`, `ACT_INST_ID_`, `NAME_`, `VAR_TYPE_`, `REV_`, `TIME_`, `BYTEARRAY_ID_`, `DOUBLE_`, `LONG_`, `TEXT_`, `TEXT2_`) VALUES ('c1e8d454-93e1-11ee-9173-1e46bbe0a030', 'VariableUpdate', 'b65432e3-93e1-11ee-9173-1e46bbe0a030', 'b65432e3-93e1-11ee-9173-1e46bbe0a030', NULL, NULL, 'assignee0', 'integer', 1, '2023-12-06 10:47:12', NULL, NULL, 2, '2', NULL);
INSERT INTO `act_hi_detail` (`ID_`, `TYPE_`, `PROC_INST_ID_`, `EXECUTION_ID_`, `TASK_ID_`, `ACT_INST_ID_`, `NAME_`, `VAR_TYPE_`, `REV_`, `TIME_`, `BYTEARRAY_ID_`, `DOUBLE_`, `LONG_`, `TEXT_`, `TEXT2_`) VALUES ('c1e97095-93e1-11ee-9173-1e46bbe0a030', 'VariableUpdate', 'b65432e3-93e1-11ee-9173-1e46bbe0a030', 'b65432e3-93e1-11ee-9173-1e46bbe0a030', NULL, NULL, 'assignee2', 'integer', 1, '2023-12-06 10:47:12', NULL, NULL, 1, '1', NULL);
INSERT INTO `act_hi_detail` (`ID_`, `TYPE_`, `PROC_INST_ID_`, `EXECUTION_ID_`, `TASK_ID_`, `ACT_INST_ID_`, `NAME_`, `VAR_TYPE_`, `REV_`, `TIME_`, `BYTEARRAY_ID_`, `DOUBLE_`, `LONG_`, `TEXT_`, `TEXT2_`) VALUES ('c1e9beb6-93e1-11ee-9173-1e46bbe0a030', 'VariableUpdate', 'b65432e3-93e1-11ee-9173-1e46bbe0a030', 'b65432e3-93e1-11ee-9173-1e46bbe0a030', NULL, NULL, 'assignee1', 'integer', 1, '2023-12-06 10:47:12', NULL, NULL, 3, '3', NULL);
INSERT INTO `act_hi_detail` (`ID_`, `TYPE_`, `PROC_INST_ID_`, `EXECUTION_ID_`, `TASK_ID_`, `ACT_INST_ID_`, `NAME_`, `VAR_TYPE_`, `REV_`, `TIME_`, `BYTEARRAY_ID_`, `DOUBLE_`, `LONG_`, `TEXT_`, `TEXT2_`) VALUES ('c1eca4eb-93e1-11ee-9173-1e46bbe0a030', 'VariableUpdate', 'b65432e3-93e1-11ee-9173-1e46bbe0a030', 'b654f63b-93e1-11ee-9173-1e46bbe0a030', 'c1ec56c9-93e1-11ee-9173-1e46bbe0a030', NULL, 'assignee0', 'integer', 0, '2023-12-06 10:47:12', NULL, NULL, 2, '2', NULL);
INSERT INTO `act_hi_detail` (`ID_`, `TYPE_`, `PROC_INST_ID_`, `EXECUTION_ID_`, `TASK_ID_`, `ACT_INST_ID_`, `NAME_`, `VAR_TYPE_`, `REV_`, `TIME_`, `BYTEARRAY_ID_`, `DOUBLE_`, `LONG_`, `TEXT_`, `TEXT2_`) VALUES ('c1eca4ed-93e1-11ee-9173-1e46bbe0a030', 'VariableUpdate', 'b65432e3-93e1-11ee-9173-1e46bbe0a030', 'b654f63b-93e1-11ee-9173-1e46bbe0a030', 'c1ec56c9-93e1-11ee-9173-1e46bbe0a030', NULL, 'assignee2', 'integer', 0, '2023-12-06 10:47:12', NULL, NULL, 1, '1', NULL);
INSERT INTO `act_hi_detail` (`ID_`, `TYPE_`, `PROC_INST_ID_`, `EXECUTION_ID_`, `TASK_ID_`, `ACT_INST_ID_`, `NAME_`, `VAR_TYPE_`, `REV_`, `TIME_`, `BYTEARRAY_ID_`, `DOUBLE_`, `LONG_`, `TEXT_`, `TEXT2_`) VALUES ('c1eca4ef-93e1-11ee-9173-1e46bbe0a030', 'VariableUpdate', 'b65432e3-93e1-11ee-9173-1e46bbe0a030', 'b654f63b-93e1-11ee-9173-1e46bbe0a030', 'c1ec56c9-93e1-11ee-9173-1e46bbe0a030', NULL, 'assignee1', 'integer', 0, '2023-12-06 10:47:12', NULL, NULL, 3, '3', NULL);
INSERT INTO `act_hi_detail` (`ID_`, `TYPE_`, `PROC_INST_ID_`, `EXECUTION_ID_`, `TASK_ID_`, `ACT_INST_ID_`, `NAME_`, `VAR_TYPE_`, `REV_`, `TIME_`, `BYTEARRAY_ID_`, `DOUBLE_`, `LONG_`, `TEXT_`, `TEXT2_`) VALUES ('c1eccc01-93e1-11ee-9173-1e46bbe0a030', 'VariableUpdate', 'b65432e3-93e1-11ee-9173-1e46bbe0a030', 'b654f63b-93e1-11ee-9173-1e46bbe0a030', 'c1ec56c9-93e1-11ee-9173-1e46bbe0a030', NULL, 'status', 'json', 0, '2023-12-06 10:47:12', NULL, NULL, NULL, '1', 'java.lang.Byte');
INSERT INTO `act_hi_detail` (`ID_`, `TYPE_`, `PROC_INST_ID_`, `EXECUTION_ID_`, `TASK_ID_`, `ACT_INST_ID_`, `NAME_`, `VAR_TYPE_`, `REV_`, `TIME_`, `BYTEARRAY_ID_`, `DOUBLE_`, `LONG_`, `TEXT_`, `TEXT2_`) VALUES ('c6e78424-93e1-11ee-9173-1e46bbe0a030', 'VariableUpdate', 'b65432e3-93e1-11ee-9173-1e46bbe0a030', 'b65432e3-93e1-11ee-9173-1e46bbe0a030', NULL, 'c1ec2fb8-93e1-11ee-9173-1e46bbe0a030', 'status', 'json', 1, '2023-12-06 10:47:20', NULL, NULL, NULL, '2', 'java.lang.Byte');
INSERT INTO `act_hi_detail` (`ID_`, `TYPE_`, `PROC_INST_ID_`, `EXECUTION_ID_`, `TASK_ID_`, `ACT_INST_ID_`, `NAME_`, `VAR_TYPE_`, `REV_`, `TIME_`, `BYTEARRAY_ID_`, `DOUBLE_`, `LONG_`, `TEXT_`, `TEXT2_`) VALUES ('c6e9f525-93e1-11ee-9173-1e46bbe0a030', 'VariableUpdate', 'b65432e3-93e1-11ee-9173-1e46bbe0a030', 'b65432e3-93e1-11ee-9173-1e46bbe0a030', NULL, NULL, 'assignee0', 'integer', 1, '2023-12-06 10:47:20', NULL, NULL, 2, '2', NULL);
INSERT INTO `act_hi_detail` (`ID_`, `TYPE_`, `PROC_INST_ID_`, `EXECUTION_ID_`, `TASK_ID_`, `ACT_INST_ID_`, `NAME_`, `VAR_TYPE_`, `REV_`, `TIME_`, `BYTEARRAY_ID_`, `DOUBLE_`, `LONG_`, `TEXT_`, `TEXT2_`) VALUES ('c6ea4346-93e1-11ee-9173-1e46bbe0a030', 'VariableUpdate', 'b65432e3-93e1-11ee-9173-1e46bbe0a030', 'b65432e3-93e1-11ee-9173-1e46bbe0a030', NULL, NULL, 'assignee2', 'integer', 1, '2023-12-06 10:47:20', NULL, NULL, 1, '1', NULL);
INSERT INTO `act_hi_detail` (`ID_`, `TYPE_`, `PROC_INST_ID_`, `EXECUTION_ID_`, `TASK_ID_`, `ACT_INST_ID_`, `NAME_`, `VAR_TYPE_`, `REV_`, `TIME_`, `BYTEARRAY_ID_`, `DOUBLE_`, `LONG_`, `TEXT_`, `TEXT2_`) VALUES ('c6eab877-93e1-11ee-9173-1e46bbe0a030', 'VariableUpdate', 'b65432e3-93e1-11ee-9173-1e46bbe0a030', 'b65432e3-93e1-11ee-9173-1e46bbe0a030', NULL, NULL, 'assignee1', 'integer', 1, '2023-12-06 10:47:20', NULL, NULL, 3, '3', NULL);
INSERT INTO `act_hi_detail` (`ID_`, `TYPE_`, `PROC_INST_ID_`, `EXECUTION_ID_`, `TASK_ID_`, `ACT_INST_ID_`, `NAME_`, `VAR_TYPE_`, `REV_`, `TIME_`, `BYTEARRAY_ID_`, `DOUBLE_`, `LONG_`, `TEXT_`, `TEXT2_`) VALUES ('c6eb2da8-93e1-11ee-9173-1e46bbe0a030', 'VariableUpdate', 'b65432e3-93e1-11ee-9173-1e46bbe0a030', 'b65432e3-93e1-11ee-9173-1e46bbe0a030', NULL, NULL, 'status', 'json', 1, '2023-12-06 10:47:20', NULL, NULL, NULL, '1', 'java.lang.Byte');
INSERT INTO `act_hi_detail` (`ID_`, `TYPE_`, `PROC_INST_ID_`, `EXECUTION_ID_`, `TASK_ID_`, `ACT_INST_ID_`, `NAME_`, `VAR_TYPE_`, `REV_`, `TIME_`, `BYTEARRAY_ID_`, `DOUBLE_`, `LONG_`, `TEXT_`, `TEXT2_`) VALUES ('e4bc522c-93d8-11ee-8714-1e46bbe0a030', 'VariableUpdate', 'e4bc0409-93d8-11ee-8714-1e46bbe0a030', 'e4bc0409-93d8-11ee-8714-1e46bbe0a030', NULL, NULL, 'assignee0', 'string', 0, '2023-12-06 09:43:45', NULL, NULL, NULL, '2', NULL);
INSERT INTO `act_hi_detail` (`ID_`, `TYPE_`, `PROC_INST_ID_`, `EXECUTION_ID_`, `TASK_ID_`, `ACT_INST_ID_`, `NAME_`, `VAR_TYPE_`, `REV_`, `TIME_`, `BYTEARRAY_ID_`, `DOUBLE_`, `LONG_`, `TEXT_`, `TEXT2_`) VALUES ('e4bca04e-93d8-11ee-8714-1e46bbe0a030', 'VariableUpdate', 'e4bc0409-93d8-11ee-8714-1e46bbe0a030', 'e4bc0409-93d8-11ee-8714-1e46bbe0a030', NULL, NULL, 'assignee2', 'integer', 0, '2023-12-06 09:43:45', NULL, NULL, 1, '1', NULL);
INSERT INTO `act_hi_detail` (`ID_`, `TYPE_`, `PROC_INST_ID_`, `EXECUTION_ID_`, `TASK_ID_`, `ACT_INST_ID_`, `NAME_`, `VAR_TYPE_`, `REV_`, `TIME_`, `BYTEARRAY_ID_`, `DOUBLE_`, `LONG_`, `TEXT_`, `TEXT2_`) VALUES ('e4bca050-93d8-11ee-8714-1e46bbe0a030', 'VariableUpdate', 'e4bc0409-93d8-11ee-8714-1e46bbe0a030', 'e4bc0409-93d8-11ee-8714-1e46bbe0a030', NULL, NULL, 'assignee1', 'integer', 0, '2023-12-06 09:43:45', NULL, NULL, 3, '3', NULL);
INSERT INTO `act_hi_detail` (`ID_`, `TYPE_`, `PROC_INST_ID_`, `EXECUTION_ID_`, `TASK_ID_`, `ACT_INST_ID_`, `NAME_`, `VAR_TYPE_`, `REV_`, `TIME_`, `BYTEARRAY_ID_`, `DOUBLE_`, `LONG_`, `TEXT_`, `TEXT2_`) VALUES ('e4c1d076-93d8-11ee-8714-1e46bbe0a030', 'VariableUpdate', 'e4bc0409-93d8-11ee-8714-1e46bbe0a030', 'e4bca051-93d8-11ee-8714-1e46bbe0a030', 'e4bfd4a4-93d8-11ee-8714-1e46bbe0a030', NULL, 'assignee0', 'string', 0, '2023-12-06 09:43:45', NULL, NULL, NULL, '2', NULL);
INSERT INTO `act_hi_detail` (`ID_`, `TYPE_`, `PROC_INST_ID_`, `EXECUTION_ID_`, `TASK_ID_`, `ACT_INST_ID_`, `NAME_`, `VAR_TYPE_`, `REV_`, `TIME_`, `BYTEARRAY_ID_`, `DOUBLE_`, `LONG_`, `TEXT_`, `TEXT2_`) VALUES ('e4c1d078-93d8-11ee-8714-1e46bbe0a030', 'VariableUpdate', 'e4bc0409-93d8-11ee-8714-1e46bbe0a030', 'e4bca051-93d8-11ee-8714-1e46bbe0a030', 'e4bfd4a4-93d8-11ee-8714-1e46bbe0a030', NULL, 'assignee2', 'integer', 0, '2023-12-06 09:43:45', NULL, NULL, 1, '1', NULL);
INSERT INTO `act_hi_detail` (`ID_`, `TYPE_`, `PROC_INST_ID_`, `EXECUTION_ID_`, `TASK_ID_`, `ACT_INST_ID_`, `NAME_`, `VAR_TYPE_`, `REV_`, `TIME_`, `BYTEARRAY_ID_`, `DOUBLE_`, `LONG_`, `TEXT_`, `TEXT2_`) VALUES ('e4c1d07a-93d8-11ee-8714-1e46bbe0a030', 'VariableUpdate', 'e4bc0409-93d8-11ee-8714-1e46bbe0a030', 'e4bca051-93d8-11ee-8714-1e46bbe0a030', 'e4bfd4a4-93d8-11ee-8714-1e46bbe0a030', NULL, 'assignee1', 'integer', 0, '2023-12-06 09:43:45', NULL, NULL, 3, '3', NULL);
INSERT INTO `act_hi_detail` (`ID_`, `TYPE_`, `PROC_INST_ID_`, `EXECUTION_ID_`, `TASK_ID_`, `ACT_INST_ID_`, `NAME_`, `VAR_TYPE_`, `REV_`, `TIME_`, `BYTEARRAY_ID_`, `DOUBLE_`, `LONG_`, `TEXT_`, `TEXT2_`) VALUES ('e4d160db-93d8-11ee-8714-1e46bbe0a030', 'VariableUpdate', 'e4bc0409-93d8-11ee-8714-1e46bbe0a030', 'e4bc0409-93d8-11ee-8714-1e46bbe0a030', NULL, NULL, 'assignee0', 'string', 1, '2023-12-06 09:43:45', NULL, NULL, NULL, '2', NULL);
INSERT INTO `act_hi_detail` (`ID_`, `TYPE_`, `PROC_INST_ID_`, `EXECUTION_ID_`, `TASK_ID_`, `ACT_INST_ID_`, `NAME_`, `VAR_TYPE_`, `REV_`, `TIME_`, `BYTEARRAY_ID_`, `DOUBLE_`, `LONG_`, `TEXT_`, `TEXT2_`) VALUES ('e4d1aefc-93d8-11ee-8714-1e46bbe0a030', 'VariableUpdate', 'e4bc0409-93d8-11ee-8714-1e46bbe0a030', 'e4bc0409-93d8-11ee-8714-1e46bbe0a030', NULL, NULL, 'assignee2', 'integer', 1, '2023-12-06 09:43:45', NULL, NULL, 1, '1', NULL);
INSERT INTO `act_hi_detail` (`ID_`, `TYPE_`, `PROC_INST_ID_`, `EXECUTION_ID_`, `TASK_ID_`, `ACT_INST_ID_`, `NAME_`, `VAR_TYPE_`, `REV_`, `TIME_`, `BYTEARRAY_ID_`, `DOUBLE_`, `LONG_`, `TEXT_`, `TEXT2_`) VALUES ('e4d1d60d-93d8-11ee-8714-1e46bbe0a030', 'VariableUpdate', 'e4bc0409-93d8-11ee-8714-1e46bbe0a030', 'e4bc0409-93d8-11ee-8714-1e46bbe0a030', NULL, NULL, 'assignee1', 'integer', 1, '2023-12-06 09:43:45', NULL, NULL, 3, '3', NULL);
INSERT INTO `act_hi_detail` (`ID_`, `TYPE_`, `PROC_INST_ID_`, `EXECUTION_ID_`, `TASK_ID_`, `ACT_INST_ID_`, `NAME_`, `VAR_TYPE_`, `REV_`, `TIME_`, `BYTEARRAY_ID_`, `DOUBLE_`, `LONG_`, `TEXT_`, `TEXT2_`) VALUES ('e4d2e781-93d8-11ee-8714-1e46bbe0a030', 'VariableUpdate', 'e4bc0409-93d8-11ee-8714-1e46bbe0a030', 'e4bca051-93d8-11ee-8714-1e46bbe0a030', 'e4d24b3f-93d8-11ee-8714-1e46bbe0a030', NULL, 'assignee0', 'string', 0, '2023-12-06 09:43:45', NULL, NULL, NULL, '2', NULL);
INSERT INTO `act_hi_detail` (`ID_`, `TYPE_`, `PROC_INST_ID_`, `EXECUTION_ID_`, `TASK_ID_`, `ACT_INST_ID_`, `NAME_`, `VAR_TYPE_`, `REV_`, `TIME_`, `BYTEARRAY_ID_`, `DOUBLE_`, `LONG_`, `TEXT_`, `TEXT2_`) VALUES ('e4d2e783-93d8-11ee-8714-1e46bbe0a030', 'VariableUpdate', 'e4bc0409-93d8-11ee-8714-1e46bbe0a030', 'e4bca051-93d8-11ee-8714-1e46bbe0a030', 'e4d24b3f-93d8-11ee-8714-1e46bbe0a030', NULL, 'assignee2', 'integer', 0, '2023-12-06 09:43:45', NULL, NULL, 1, '1', NULL);
INSERT INTO `act_hi_detail` (`ID_`, `TYPE_`, `PROC_INST_ID_`, `EXECUTION_ID_`, `TASK_ID_`, `ACT_INST_ID_`, `NAME_`, `VAR_TYPE_`, `REV_`, `TIME_`, `BYTEARRAY_ID_`, `DOUBLE_`, `LONG_`, `TEXT_`, `TEXT2_`) VALUES ('e4d2e785-93d8-11ee-8714-1e46bbe0a030', 'VariableUpdate', 'e4bc0409-93d8-11ee-8714-1e46bbe0a030', 'e4bca051-93d8-11ee-8714-1e46bbe0a030', 'e4d24b3f-93d8-11ee-8714-1e46bbe0a030', NULL, 'assignee1', 'integer', 0, '2023-12-06 09:43:45', NULL, NULL, 3, '3', NULL);
COMMIT;

-- ----------------------------
-- Table structure for act_hi_identitylink
-- ----------------------------
DROP TABLE IF EXISTS `act_hi_identitylink`;
CREATE TABLE `act_hi_identitylink` (
  `ID_` varchar(64) NOT NULL,
  `GROUP_ID_` varchar(255) DEFAULT NULL COMMENT '用户组ID',
  `TYPE_` varchar(255) DEFAULT NULL COMMENT '用户组类型,assignee、candidate、owner、starter 、participant',
  `USER_ID_` varchar(255) DEFAULT NULL COMMENT '用户ID',
  `TASK_ID_` varchar(64) DEFAULT NULL COMMENT '任务Id',
  `PROC_INST_ID_` varchar(64) DEFAULT NULL COMMENT '流程实例Id',
  PRIMARY KEY (`ID_`),
  KEY `ACT_IDX_HI_IDENT_LNK_USER` (`USER_ID_`),
  KEY `ACT_IDX_HI_IDENT_LNK_TASK` (`TASK_ID_`),
  KEY `ACT_IDX_HI_IDENT_LNK_PROCINST` (`PROC_INST_ID_`)
) ENGINE=InnoDB DEFAULT CHARSET=utf8mb3 COLLATE=utf8mb3_bin COMMENT='历史流程人员表';

-- ----------------------------
-- Records of act_hi_identitylink
-- ----------------------------
BEGIN;
INSERT INTO `act_hi_identitylink` (`ID_`, `GROUP_ID_`, `TYPE_`, `USER_ID_`, `TASK_ID_`, `PROC_INST_ID_`) VALUES ('0cb36b51-94aa-11ee-bec2-ae0fbfe9b99d', NULL, 'starter', '1', NULL, '0cb36b50-94aa-11ee-bec2-ae0fbfe9b99d');
INSERT INTO `act_hi_identitylink` (`ID_`, `GROUP_ID_`, `TYPE_`, `USER_ID_`, `TASK_ID_`, `PROC_INST_ID_`) VALUES ('0ccda92d-94aa-11ee-bec2-ae0fbfe9b99d', NULL, 'participant', '3', NULL, '0cb36b50-94aa-11ee-bec2-ae0fbfe9b99d');
INSERT INTO `act_hi_identitylink` (`ID_`, `GROUP_ID_`, `TYPE_`, `USER_ID_`, `TASK_ID_`, `PROC_INST_ID_`) VALUES ('6cf0caed-930a-11ee-a0b1-1ac551d3e0df', NULL, 'starter', '2', NULL, '6cf0caec-930a-11ee-a0b1-1ac551d3e0df');
INSERT INTO `act_hi_identitylink` (`ID_`, `GROUP_ID_`, `TYPE_`, `USER_ID_`, `TASK_ID_`, `PROC_INST_ID_`) VALUES ('6d011eb9-930a-11ee-a0b1-1ac551d3e0df', NULL, 'participant', '3', NULL, '6cf0caec-930a-11ee-a0b1-1ac551d3e0df');
INSERT INTO `act_hi_identitylink` (`ID_`, `GROUP_ID_`, `TYPE_`, `USER_ID_`, `TASK_ID_`, `PROC_INST_ID_`) VALUES ('87418380-9284-11ee-8d20-3ac8b98fcacd', NULL, 'starter', '2', NULL, '87415c6f-9284-11ee-8d20-3ac8b98fcacd');
INSERT INTO `act_hi_identitylink` (`ID_`, `GROUP_ID_`, `TYPE_`, `USER_ID_`, `TASK_ID_`, `PROC_INST_ID_`) VALUES ('8754213c-9284-11ee-8d20-3ac8b98fcacd', NULL, 'participant', '3', NULL, '87415c6f-9284-11ee-8d20-3ac8b98fcacd');
INSERT INTO `act_hi_identitylink` (`ID_`, `GROUP_ID_`, `TYPE_`, `USER_ID_`, `TASK_ID_`, `PROC_INST_ID_`) VALUES ('b65459f4-93e1-11ee-9173-1e46bbe0a030', NULL, 'starter', '2', NULL, 'b65432e3-93e1-11ee-9173-1e46bbe0a030');
INSERT INTO `act_hi_identitylink` (`ID_`, `GROUP_ID_`, `TYPE_`, `USER_ID_`, `TASK_ID_`, `PROC_INST_ID_`) VALUES ('b6657110-93e1-11ee-9173-1e46bbe0a030', NULL, 'participant', '3', NULL, 'b65432e3-93e1-11ee-9173-1e46bbe0a030');
INSERT INTO `act_hi_identitylink` (`ID_`, `GROUP_ID_`, `TYPE_`, `USER_ID_`, `TASK_ID_`, `PROC_INST_ID_`) VALUES ('c1ed1a22-93e1-11ee-9173-1e46bbe0a030', NULL, 'participant', '1', NULL, 'b65432e3-93e1-11ee-9173-1e46bbe0a030');
INSERT INTO `act_hi_identitylink` (`ID_`, `GROUP_ID_`, `TYPE_`, `USER_ID_`, `TASK_ID_`, `PROC_INST_ID_`) VALUES ('e4bc040a-93d8-11ee-8714-1e46bbe0a030', NULL, 'starter', '2', NULL, 'e4bc0409-93d8-11ee-8714-1e46bbe0a030');
INSERT INTO `act_hi_identitylink` (`ID_`, `GROUP_ID_`, `TYPE_`, `USER_ID_`, `TASK_ID_`, `PROC_INST_ID_`) VALUES ('e4d30e96-93d8-11ee-8714-1e46bbe0a030', NULL, 'participant', '3', NULL, 'e4bc0409-93d8-11ee-8714-1e46bbe0a030');
COMMIT;

-- ----------------------------
-- Table structure for act_hi_procinst
-- ----------------------------
DROP TABLE IF EXISTS `act_hi_procinst`;
CREATE TABLE `act_hi_procinst` (
  `ID_` varchar(64) NOT NULL,
  `PROC_INST_ID_` varchar(64) NOT NULL COMMENT '流程实例ID',
  `BUSINESS_KEY_` varchar(255) DEFAULT NULL COMMENT '业务Key',
  `PROC_DEF_ID_` varchar(64) NOT NULL COMMENT '流程定义Id',
  `START_TIME_` datetime NOT NULL COMMENT '开始时间',
  `END_TIME_` datetime DEFAULT NULL COMMENT '结束时间',
  `DURATION_` bigint(20) DEFAULT NULL COMMENT '时长',
  `START_USER_ID_` varchar(255) DEFAULT NULL COMMENT '发起人员Id',
  `START_ACT_ID_` varchar(255) DEFAULT NULL COMMENT '开始节点',
  `END_ACT_ID_` varchar(255) DEFAULT NULL COMMENT '结束节点',
  `SUPER_PROCESS_INSTANCE_ID_` varchar(64) DEFAULT NULL COMMENT '超级流程实例Id',
  `DELETE_REASON_` varchar(4000) DEFAULT NULL COMMENT '删除理由',
  `TENANT_ID_` varchar(255) DEFAULT '',
  `NAME_` varchar(255) DEFAULT NULL,
  PRIMARY KEY (`ID_`),
  UNIQUE KEY `PROC_INST_ID_` (`PROC_INST_ID_`),
  KEY `ACT_IDX_HI_PRO_INST_END` (`END_TIME_`),
  KEY `ACT_IDX_HI_PRO_I_BUSKEY` (`BUSINESS_KEY_`)
) ENGINE=InnoDB DEFAULT CHARSET=utf8mb3 COLLATE=utf8mb3_bin COMMENT='历史流程实例信息表';

-- ----------------------------
-- Records of act_hi_procinst
-- ----------------------------
BEGIN;
INSERT INTO `act_hi_procinst` (`ID_`, `PROC_INST_ID_`, `BUSINESS_KEY_`, `PROC_DEF_ID_`, `START_TIME_`, `END_TIME_`, `DURATION_`, `START_USER_ID_`, `START_ACT_ID_`, `END_ACT_ID_`, `SUPER_PROCESS_INSTANCE_ID_`, `DELETE_REASON_`, `TENANT_ID_`, `NAME_`) VALUES ('0cb36b50-94aa-11ee-bec2-ae0fbfe9b99d', '0cb36b50-94aa-11ee-bec2-ae0fbfe9b99d', 'evection-apply:34', 'evection-apply:1:cbc45fde-8d92-11ee-86f3-cac7020c0d44', '2023-12-07 10:40:57', NULL, NULL, '1', 'sid-1a4f1b43-e737-43ff-8636-0de4c0b15065', NULL, NULL, NULL, '', NULL);
INSERT INTO `act_hi_procinst` (`ID_`, `PROC_INST_ID_`, `BUSINESS_KEY_`, `PROC_DEF_ID_`, `START_TIME_`, `END_TIME_`, `DURATION_`, `START_USER_ID_`, `START_ACT_ID_`, `END_ACT_ID_`, `SUPER_PROCESS_INSTANCE_ID_`, `DELETE_REASON_`, `TENANT_ID_`, `NAME_`) VALUES ('6cf0caec-930a-11ee-a0b1-1ac551d3e0df', '6cf0caec-930a-11ee-a0b1-1ac551d3e0df', 'evection-apply:31', 'evection-apply:1:cbc45fde-8d92-11ee-86f3-cac7020c0d44', '2023-12-05 09:05:48', '2023-12-06 10:39:41', 92033811, '2', 'sid-1a4f1b43-e737-43ff-8636-0de4c0b15065', NULL, NULL, '删除请假流程信息', '', NULL);
INSERT INTO `act_hi_procinst` (`ID_`, `PROC_INST_ID_`, `BUSINESS_KEY_`, `PROC_DEF_ID_`, `START_TIME_`, `END_TIME_`, `DURATION_`, `START_USER_ID_`, `START_ACT_ID_`, `END_ACT_ID_`, `SUPER_PROCESS_INSTANCE_ID_`, `DELETE_REASON_`, `TENANT_ID_`, `NAME_`) VALUES ('87415c6f-9284-11ee-8d20-3ac8b98fcacd', '87415c6f-9284-11ee-8d20-3ac8b98fcacd', 'evection-apply:30', 'evection-apply:1:cbc45fde-8d92-11ee-86f3-cac7020c0d44', '2023-12-04 17:07:19', '2023-12-04 17:07:39', 20348, '2', 'sid-1a4f1b43-e737-43ff-8636-0de4c0b15065', 'sid-1a4f1b43-e737-43ff-8636-0de4c0b15064', NULL, NULL, '', NULL);
INSERT INTO `act_hi_procinst` (`ID_`, `PROC_INST_ID_`, `BUSINESS_KEY_`, `PROC_DEF_ID_`, `START_TIME_`, `END_TIME_`, `DURATION_`, `START_USER_ID_`, `START_ACT_ID_`, `END_ACT_ID_`, `SUPER_PROCESS_INSTANCE_ID_`, `DELETE_REASON_`, `TENANT_ID_`, `NAME_`) VALUES ('b65432e3-93e1-11ee-9173-1e46bbe0a030', 'b65432e3-93e1-11ee-9173-1e46bbe0a030', 'leave-apply:33', 'leave-apply:1:cafcca1b-8d92-11ee-86f3-cac7020c0d44', '2023-12-06 10:46:53', '2023-12-06 10:47:21', 28015, '2', 'sid-1a4f1b43-e737-43ff-8636-0de4c0b15065', 'sid-1a4f1b43-e737-43ff-8636-0de4c0b15064', NULL, NULL, '', NULL);
INSERT INTO `act_hi_procinst` (`ID_`, `PROC_INST_ID_`, `BUSINESS_KEY_`, `PROC_DEF_ID_`, `START_TIME_`, `END_TIME_`, `DURATION_`, `START_USER_ID_`, `START_ACT_ID_`, `END_ACT_ID_`, `SUPER_PROCESS_INSTANCE_ID_`, `DELETE_REASON_`, `TENANT_ID_`, `NAME_`) VALUES ('e4bc0409-93d8-11ee-8714-1e46bbe0a030', 'e4bc0409-93d8-11ee-8714-1e46bbe0a030', 'evection-apply:32', 'evection-apply:1:cbc45fde-8d92-11ee-86f3-cac7020c0d44', '2023-12-06 09:43:45', NULL, NULL, '2', 'sid-1a4f1b43-e737-43ff-8636-0de4c0b15065', NULL, NULL, NULL, '', NULL);
COMMIT;

-- ----------------------------
-- Table structure for act_hi_taskinst
-- ----------------------------
DROP TABLE IF EXISTS `act_hi_taskinst`;
CREATE TABLE `act_hi_taskinst` (
  `ID_` varchar(64) NOT NULL,
  `PROC_DEF_ID_` varchar(64) DEFAULT NULL COMMENT '流程定义Id',
  `TASK_DEF_KEY_` varchar(255) DEFAULT NULL COMMENT '任务定义Key',
  `PROC_INST_ID_` varchar(64) DEFAULT NULL COMMENT '流程实例ID',
  `EXECUTION_ID_` varchar(64) DEFAULT NULL COMMENT '执行ID',
  `NAME_` varchar(255) DEFAULT NULL COMMENT '名称',
  `PARENT_TASK_ID_` varchar(64) DEFAULT NULL COMMENT '父任务iD',
  `DESCRIPTION_` varchar(4000) DEFAULT NULL COMMENT '描述',
  `OWNER_` varchar(255) DEFAULT NULL COMMENT '实际签收人 任务的拥有者,签收人（默认为空，只有在委托时才有值）',
  `ASSIGNEE_` varchar(255) DEFAULT NULL COMMENT '代理人,签收人或被委托',
  `START_TIME_` datetime NOT NULL COMMENT '开始时间',
  `CLAIM_TIME_` datetime DEFAULT NULL COMMENT '提醒时间',
  `END_TIME_` datetime DEFAULT NULL COMMENT '结束时间',
  `DURATION_` bigint(20) DEFAULT NULL COMMENT '时长',
  `DELETE_REASON_` varchar(4000) DEFAULT NULL COMMENT '删除理由,删除原因(completed,deleted)',
  `PRIORITY_` int(11) DEFAULT NULL COMMENT '优先级',
  `DUE_DATE_` datetime DEFAULT NULL COMMENT '应完成时间,过期时间，表明任务应在多长时间内完成',
  `FORM_KEY_` varchar(255) DEFAULT NULL COMMENT '表单key,desinger节点定义的form_key属性',
  `CATEGORY_` varchar(255) DEFAULT NULL,
  `TENANT_ID_` varchar(255) DEFAULT '',
  PRIMARY KEY (`ID_`),
  KEY `ACT_IDX_HI_TASK_INST_PROCINST` (`PROC_INST_ID_`)
) ENGINE=InnoDB DEFAULT CHARSET=utf8mb3 COLLATE=utf8mb3_bin COMMENT='历史任务流程实例信息表';

-- ----------------------------
-- Records of act_hi_taskinst
-- ----------------------------
BEGIN;
INSERT INTO `act_hi_taskinst` (`ID_`, `PROC_DEF_ID_`, `TASK_DEF_KEY_`, `PROC_INST_ID_`, `EXECUTION_ID_`, `NAME_`, `PARENT_TASK_ID_`, `DESCRIPTION_`, `OWNER_`, `ASSIGNEE_`, `START_TIME_`, `CLAIM_TIME_`, `END_TIME_`, `DURATION_`, `DELETE_REASON_`, `PRIORITY_`, `DUE_DATE_`, `FORM_KEY_`, `CATEGORY_`, `TENANT_ID_`) VALUES ('0cb6edcb-94aa-11ee-bec2-ae0fbfe9b99d', 'evection-apply:1:cbc45fde-8d92-11ee-86f3-cac7020c0d44', 'sid-2c4f7c32-40fa-4f51-9340-85af7ee37e16', '0cb36b50-94aa-11ee-bec2-ae0fbfe9b99d', '0cb455b8-94aa-11ee-bec2-ae0fbfe9b99d', '创建申请', NULL, NULL, NULL, '1', '2023-12-07 10:40:57', NULL, '2023-12-07 10:40:57', 505, NULL, 50, NULL, NULL, NULL, '');
INSERT INTO `act_hi_taskinst` (`ID_`, `PROC_DEF_ID_`, `TASK_DEF_KEY_`, `PROC_INST_ID_`, `EXECUTION_ID_`, `NAME_`, `PARENT_TASK_ID_`, `DESCRIPTION_`, `OWNER_`, `ASSIGNEE_`, `START_TIME_`, `CLAIM_TIME_`, `END_TIME_`, `DURATION_`, `DELETE_REASON_`, `PRIORITY_`, `DUE_DATE_`, `FORM_KEY_`, `CATEGORY_`, `TENANT_ID_`) VALUES ('0ccd33f6-94aa-11ee-bec2-ae0fbfe9b99d', 'evection-apply:1:cbc45fde-8d92-11ee-86f3-cac7020c0d44', 'sid-18647353-7512-450c-aa98-f7de48b1b742', '0cb36b50-94aa-11ee-bec2-ae0fbfe9b99d', '0cb455b8-94aa-11ee-bec2-ae0fbfe9b99d', '部门审批', NULL, NULL, NULL, '3', '2023-12-07 10:40:57', NULL, NULL, NULL, NULL, 50, NULL, NULL, NULL, '');
INSERT INTO `act_hi_taskinst` (`ID_`, `PROC_DEF_ID_`, `TASK_DEF_KEY_`, `PROC_INST_ID_`, `EXECUTION_ID_`, `NAME_`, `PARENT_TASK_ID_`, `DESCRIPTION_`, `OWNER_`, `ASSIGNEE_`, `START_TIME_`, `CLAIM_TIME_`, `END_TIME_`, `DURATION_`, `DELETE_REASON_`, `PRIORITY_`, `DUE_DATE_`, `FORM_KEY_`, `CATEGORY_`, `TENANT_ID_`) VALUES ('6cf42657-930a-11ee-a0b1-1ac551d3e0df', 'evection-apply:1:cbc45fde-8d92-11ee-86f3-cac7020c0d44', 'sid-2c4f7c32-40fa-4f51-9340-85af7ee37e16', '6cf0caec-930a-11ee-a0b1-1ac551d3e0df', '6cf18e44-930a-11ee-a0b1-1ac551d3e0df', '创建申请', NULL, NULL, NULL, '2', '2023-12-05 09:05:48', NULL, '2023-12-05 09:05:48', 264, NULL, 50, NULL, NULL, NULL, '');
INSERT INTO `act_hi_taskinst` (`ID_`, `PROC_DEF_ID_`, `TASK_DEF_KEY_`, `PROC_INST_ID_`, `EXECUTION_ID_`, `NAME_`, `PARENT_TASK_ID_`, `DESCRIPTION_`, `OWNER_`, `ASSIGNEE_`, `START_TIME_`, `CLAIM_TIME_`, `END_TIME_`, `DURATION_`, `DELETE_REASON_`, `PRIORITY_`, `DUE_DATE_`, `FORM_KEY_`, `CATEGORY_`, `TENANT_ID_`) VALUES ('6d008272-930a-11ee-a0b1-1ac551d3e0df', 'evection-apply:1:cbc45fde-8d92-11ee-86f3-cac7020c0d44', 'sid-18647353-7512-450c-aa98-f7de48b1b742', '6cf0caec-930a-11ee-a0b1-1ac551d3e0df', '6cf18e44-930a-11ee-a0b1-1ac551d3e0df', '部门审批', NULL, NULL, NULL, '3', '2023-12-05 09:05:48', NULL, '2023-12-06 10:39:41', 92033720, '删除请假流程信息', 50, NULL, NULL, NULL, '');
INSERT INTO `act_hi_taskinst` (`ID_`, `PROC_DEF_ID_`, `TASK_DEF_KEY_`, `PROC_INST_ID_`, `EXECUTION_ID_`, `NAME_`, `PARENT_TASK_ID_`, `DESCRIPTION_`, `OWNER_`, `ASSIGNEE_`, `START_TIME_`, `CLAIM_TIME_`, `END_TIME_`, `DURATION_`, `DELETE_REASON_`, `PRIORITY_`, `DUE_DATE_`, `FORM_KEY_`, `CATEGORY_`, `TENANT_ID_`) VALUES ('874442aa-9284-11ee-8d20-3ac8b98fcacd', 'evection-apply:1:cbc45fde-8d92-11ee-86f3-cac7020c0d44', 'sid-2c4f7c32-40fa-4f51-9340-85af7ee37e16', '87415c6f-9284-11ee-8d20-3ac8b98fcacd', '87421fc7-9284-11ee-8d20-3ac8b98fcacd', '创建申请', NULL, NULL, NULL, '2', '2023-12-04 17:07:19', NULL, '2023-12-04 17:07:19', 865, NULL, 50, NULL, NULL, NULL, '');
INSERT INTO `act_hi_taskinst` (`ID_`, `PROC_DEF_ID_`, `TASK_DEF_KEY_`, `PROC_INST_ID_`, `EXECUTION_ID_`, `NAME_`, `PARENT_TASK_ID_`, `DESCRIPTION_`, `OWNER_`, `ASSIGNEE_`, `START_TIME_`, `CLAIM_TIME_`, `END_TIME_`, `DURATION_`, `DELETE_REASON_`, `PRIORITY_`, `DUE_DATE_`, `FORM_KEY_`, `CATEGORY_`, `TENANT_ID_`) VALUES ('875336d5-9284-11ee-8d20-3ac8b98fcacd', 'evection-apply:1:cbc45fde-8d92-11ee-86f3-cac7020c0d44', 'sid-18647353-7512-450c-aa98-f7de48b1b742', '87415c6f-9284-11ee-8d20-3ac8b98fcacd', '87421fc7-9284-11ee-8d20-3ac8b98fcacd', '部门审批', NULL, NULL, NULL, '3', '2023-12-04 17:07:19', NULL, '2023-12-04 17:07:39', 20279, NULL, 50, NULL, NULL, NULL, '');
INSERT INTO `act_hi_taskinst` (`ID_`, `PROC_DEF_ID_`, `TASK_DEF_KEY_`, `PROC_INST_ID_`, `EXECUTION_ID_`, `NAME_`, `PARENT_TASK_ID_`, `DESCRIPTION_`, `OWNER_`, `ASSIGNEE_`, `START_TIME_`, `CLAIM_TIME_`, `END_TIME_`, `DURATION_`, `DELETE_REASON_`, `PRIORITY_`, `DUE_DATE_`, `FORM_KEY_`, `CATEGORY_`, `TENANT_ID_`) VALUES ('b658edde-93e1-11ee-9173-1e46bbe0a030', 'leave-apply:1:cafcca1b-8d92-11ee-86f3-cac7020c0d44', 'sid-2c4f7c32-40fa-4f51-9340-85af7ee37e16', 'b65432e3-93e1-11ee-9173-1e46bbe0a030', 'b654f63b-93e1-11ee-9173-1e46bbe0a030', '创建申请', NULL, NULL, NULL, '2', '2023-12-06 10:46:53', NULL, '2023-12-06 10:46:53', 192, NULL, 50, NULL, NULL, NULL, '');
INSERT INTO `act_hi_taskinst` (`ID_`, `PROC_DEF_ID_`, `TASK_DEF_KEY_`, `PROC_INST_ID_`, `EXECUTION_ID_`, `NAME_`, `PARENT_TASK_ID_`, `DESCRIPTION_`, `OWNER_`, `ASSIGNEE_`, `START_TIME_`, `CLAIM_TIME_`, `END_TIME_`, `DURATION_`, `DELETE_REASON_`, `PRIORITY_`, `DUE_DATE_`, `FORM_KEY_`, `CATEGORY_`, `TENANT_ID_`) VALUES ('b664d4c9-93e1-11ee-9173-1e46bbe0a030', 'leave-apply:1:cafcca1b-8d92-11ee-86f3-cac7020c0d44', 'sid-18647353-7512-450c-aa98-f7de48b1b742', 'b65432e3-93e1-11ee-9173-1e46bbe0a030', 'b654f63b-93e1-11ee-9173-1e46bbe0a030', '部门审批', NULL, NULL, NULL, '3', '2023-12-06 10:46:53', NULL, '2023-12-06 10:47:12', 19522, NULL, 50, NULL, NULL, NULL, '');
INSERT INTO `act_hi_taskinst` (`ID_`, `PROC_DEF_ID_`, `TASK_DEF_KEY_`, `PROC_INST_ID_`, `EXECUTION_ID_`, `NAME_`, `PARENT_TASK_ID_`, `DESCRIPTION_`, `OWNER_`, `ASSIGNEE_`, `START_TIME_`, `CLAIM_TIME_`, `END_TIME_`, `DURATION_`, `DELETE_REASON_`, `PRIORITY_`, `DUE_DATE_`, `FORM_KEY_`, `CATEGORY_`, `TENANT_ID_`) VALUES ('c1ec56c9-93e1-11ee-9173-1e46bbe0a030', 'leave-apply:1:cafcca1b-8d92-11ee-86f3-cac7020c0d44', 'sid-7320689c-c96a-4721-95ff-60ab694411cc', 'b65432e3-93e1-11ee-9173-1e46bbe0a030', 'b654f63b-93e1-11ee-9173-1e46bbe0a030', '领导审批', NULL, NULL, NULL, '1', '2023-12-06 10:47:12', NULL, '2023-12-06 10:47:20', 8919, NULL, 50, NULL, NULL, NULL, '');
INSERT INTO `act_hi_taskinst` (`ID_`, `PROC_DEF_ID_`, `TASK_DEF_KEY_`, `PROC_INST_ID_`, `EXECUTION_ID_`, `NAME_`, `PARENT_TASK_ID_`, `DESCRIPTION_`, `OWNER_`, `ASSIGNEE_`, `START_TIME_`, `CLAIM_TIME_`, `END_TIME_`, `DURATION_`, `DELETE_REASON_`, `PRIORITY_`, `DUE_DATE_`, `FORM_KEY_`, `CATEGORY_`, `TENANT_ID_`) VALUES ('e4bfd4a4-93d8-11ee-8714-1e46bbe0a030', 'evection-apply:1:cbc45fde-8d92-11ee-86f3-cac7020c0d44', 'sid-2c4f7c32-40fa-4f51-9340-85af7ee37e16', 'e4bc0409-93d8-11ee-8714-1e46bbe0a030', 'e4bca051-93d8-11ee-8714-1e46bbe0a030', '创建申请', NULL, NULL, NULL, '2', '2023-12-06 09:43:45', NULL, '2023-12-06 09:43:45', 613, NULL, 50, NULL, NULL, NULL, '');
INSERT INTO `act_hi_taskinst` (`ID_`, `PROC_DEF_ID_`, `TASK_DEF_KEY_`, `PROC_INST_ID_`, `EXECUTION_ID_`, `NAME_`, `PARENT_TASK_ID_`, `DESCRIPTION_`, `OWNER_`, `ASSIGNEE_`, `START_TIME_`, `CLAIM_TIME_`, `END_TIME_`, `DURATION_`, `DELETE_REASON_`, `PRIORITY_`, `DUE_DATE_`, `FORM_KEY_`, `CATEGORY_`, `TENANT_ID_`) VALUES ('e4d24b3f-93d8-11ee-8714-1e46bbe0a030', 'evection-apply:1:cbc45fde-8d92-11ee-86f3-cac7020c0d44', 'sid-18647353-7512-450c-aa98-f7de48b1b742', 'e4bc0409-93d8-11ee-8714-1e46bbe0a030', 'e4bca051-93d8-11ee-8714-1e46bbe0a030', '部门审批', NULL, NULL, NULL, '3', '2023-12-06 09:43:45', NULL, NULL, NULL, NULL, 50, NULL, NULL, NULL, '');
COMMIT;

-- ----------------------------
-- Table structure for act_hi_varinst
-- ----------------------------
DROP TABLE IF EXISTS `act_hi_varinst`;
CREATE TABLE `act_hi_varinst` (
  `ID_` varchar(64) NOT NULL,
  `PROC_INST_ID_` varchar(64) DEFAULT NULL COMMENT '流程实例ID',
  `EXECUTION_ID_` varchar(64) DEFAULT NULL COMMENT '执行ID',
  `TASK_ID_` varchar(64) DEFAULT NULL COMMENT '任务Id',
  `NAME_` varchar(255) NOT NULL COMMENT '名称',
  `VAR_TYPE_` varchar(100) DEFAULT NULL COMMENT '变量类型,备注：VAR_TYPE_类型说明: jpa-entity、boolean、bytes、serializable(可序列化)、自定义type(根据你自身配置)、 CustomVariableType、date、double、integer、long、null、short、string',
  `REV_` int(11) DEFAULT NULL COMMENT '乐观锁Version',
  `BYTEARRAY_ID_` varchar(64) DEFAULT NULL COMMENT '字节数组ID,ACT_GE_BYTEARRAY表的主键',
  `DOUBLE_` double DEFAULT NULL COMMENT '存储DoubleType类型的数据',
  `LONG_` bigint(20) DEFAULT NULL COMMENT '存储LongType类型的数据',
  `TEXT_` varchar(4000) DEFAULT NULL COMMENT '存储变量值类型为String，如此处存储持久化对象时，值jpa对象的class',
  `TEXT2_` varchar(4000) DEFAULT NULL COMMENT '此处存储的是JPA持久化对象时，才会有值。此值为对象ID',
  `CREATE_TIME_` datetime DEFAULT NULL,
  `LAST_UPDATED_TIME_` datetime DEFAULT NULL,
  PRIMARY KEY (`ID_`),
  KEY `ACT_IDX_HI_PROCVAR_PROC_INST` (`PROC_INST_ID_`),
  KEY `ACT_IDX_HI_PROCVAR_NAME_TYPE` (`NAME_`,`VAR_TYPE_`),
  KEY `ACT_IDX_HI_PROCVAR_TASK_ID` (`TASK_ID_`)
) ENGINE=InnoDB DEFAULT CHARSET=utf8mb3 COLLATE=utf8mb3_bin COMMENT='历史变量信息表';

-- ----------------------------
-- Records of act_hi_varinst
-- ----------------------------
BEGIN;
INSERT INTO `act_hi_varinst` (`ID_`, `PROC_INST_ID_`, `EXECUTION_ID_`, `TASK_ID_`, `NAME_`, `VAR_TYPE_`, `REV_`, `BYTEARRAY_ID_`, `DOUBLE_`, `LONG_`, `TEXT_`, `TEXT2_`, `CREATE_TIME_`, `LAST_UPDATED_TIME_`) VALUES ('0cb3e082-94aa-11ee-bec2-ae0fbfe9b99d', '0cb36b50-94aa-11ee-bec2-ae0fbfe9b99d', '0cb36b50-94aa-11ee-bec2-ae0fbfe9b99d', NULL, 'assignee0', 'string', 1, NULL, NULL, NULL, '1', NULL, '2023-12-07 10:40:57', '2023-12-07 10:40:57');
INSERT INTO `act_hi_varinst` (`ID_`, `PROC_INST_ID_`, `EXECUTION_ID_`, `TASK_ID_`, `NAME_`, `VAR_TYPE_`, `REV_`, `BYTEARRAY_ID_`, `DOUBLE_`, `LONG_`, `TEXT_`, `TEXT2_`, `CREATE_TIME_`, `LAST_UPDATED_TIME_`) VALUES ('0cb42ea4-94aa-11ee-bec2-ae0fbfe9b99d', '0cb36b50-94aa-11ee-bec2-ae0fbfe9b99d', '0cb36b50-94aa-11ee-bec2-ae0fbfe9b99d', NULL, 'assignee2', 'integer', 1, NULL, NULL, 1, '1', NULL, '2023-12-07 10:40:57', '2023-12-07 10:40:57');
INSERT INTO `act_hi_varinst` (`ID_`, `PROC_INST_ID_`, `EXECUTION_ID_`, `TASK_ID_`, `NAME_`, `VAR_TYPE_`, `REV_`, `BYTEARRAY_ID_`, `DOUBLE_`, `LONG_`, `TEXT_`, `TEXT2_`, `CREATE_TIME_`, `LAST_UPDATED_TIME_`) VALUES ('0cb42ea6-94aa-11ee-bec2-ae0fbfe9b99d', '0cb36b50-94aa-11ee-bec2-ae0fbfe9b99d', '0cb36b50-94aa-11ee-bec2-ae0fbfe9b99d', NULL, 'assignee1', 'integer', 1, NULL, NULL, 3, '3', NULL, '2023-12-07 10:40:57', '2023-12-07 10:40:57');
INSERT INTO `act_hi_varinst` (`ID_`, `PROC_INST_ID_`, `EXECUTION_ID_`, `TASK_ID_`, `NAME_`, `VAR_TYPE_`, `REV_`, `BYTEARRAY_ID_`, `DOUBLE_`, `LONG_`, `TEXT_`, `TEXT2_`, `CREATE_TIME_`, `LAST_UPDATED_TIME_`) VALUES ('0cb8e99c-94aa-11ee-bec2-ae0fbfe9b99d', '0cb36b50-94aa-11ee-bec2-ae0fbfe9b99d', '0cb455b8-94aa-11ee-bec2-ae0fbfe9b99d', '0cb6edcb-94aa-11ee-bec2-ae0fbfe9b99d', 'assignee0', 'string', 0, NULL, NULL, NULL, '1', NULL, '2023-12-07 10:40:57', '2023-12-07 10:40:57');
INSERT INTO `act_hi_varinst` (`ID_`, `PROC_INST_ID_`, `EXECUTION_ID_`, `TASK_ID_`, `NAME_`, `VAR_TYPE_`, `REV_`, `BYTEARRAY_ID_`, `DOUBLE_`, `LONG_`, `TEXT_`, `TEXT2_`, `CREATE_TIME_`, `LAST_UPDATED_TIME_`) VALUES ('0cb8e99e-94aa-11ee-bec2-ae0fbfe9b99d', '0cb36b50-94aa-11ee-bec2-ae0fbfe9b99d', '0cb455b8-94aa-11ee-bec2-ae0fbfe9b99d', '0cb6edcb-94aa-11ee-bec2-ae0fbfe9b99d', 'assignee2', 'integer', 0, NULL, NULL, 1, '1', NULL, '2023-12-07 10:40:57', '2023-12-07 10:40:57');
INSERT INTO `act_hi_varinst` (`ID_`, `PROC_INST_ID_`, `EXECUTION_ID_`, `TASK_ID_`, `NAME_`, `VAR_TYPE_`, `REV_`, `BYTEARRAY_ID_`, `DOUBLE_`, `LONG_`, `TEXT_`, `TEXT2_`, `CREATE_TIME_`, `LAST_UPDATED_TIME_`) VALUES ('0cb8e9a0-94aa-11ee-bec2-ae0fbfe9b99d', '0cb36b50-94aa-11ee-bec2-ae0fbfe9b99d', '0cb455b8-94aa-11ee-bec2-ae0fbfe9b99d', '0cb6edcb-94aa-11ee-bec2-ae0fbfe9b99d', 'assignee1', 'integer', 0, NULL, NULL, 3, '3', NULL, '2023-12-07 10:40:57', '2023-12-07 10:40:57');
INSERT INTO `act_hi_varinst` (`ID_`, `PROC_INST_ID_`, `EXECUTION_ID_`, `TASK_ID_`, `NAME_`, `VAR_TYPE_`, `REV_`, `BYTEARRAY_ID_`, `DOUBLE_`, `LONG_`, `TEXT_`, `TEXT2_`, `CREATE_TIME_`, `LAST_UPDATED_TIME_`) VALUES ('0ccd8217-94aa-11ee-bec2-ae0fbfe9b99d', '0cb36b50-94aa-11ee-bec2-ae0fbfe9b99d', '0cb455b8-94aa-11ee-bec2-ae0fbfe9b99d', '0ccd33f6-94aa-11ee-bec2-ae0fbfe9b99d', 'assignee0', 'string', 0, NULL, NULL, NULL, '1', NULL, '2023-12-07 10:40:57', '2023-12-07 10:40:57');
INSERT INTO `act_hi_varinst` (`ID_`, `PROC_INST_ID_`, `EXECUTION_ID_`, `TASK_ID_`, `NAME_`, `VAR_TYPE_`, `REV_`, `BYTEARRAY_ID_`, `DOUBLE_`, `LONG_`, `TEXT_`, `TEXT2_`, `CREATE_TIME_`, `LAST_UPDATED_TIME_`) VALUES ('0ccd8219-94aa-11ee-bec2-ae0fbfe9b99d', '0cb36b50-94aa-11ee-bec2-ae0fbfe9b99d', '0cb455b8-94aa-11ee-bec2-ae0fbfe9b99d', '0ccd33f6-94aa-11ee-bec2-ae0fbfe9b99d', 'assignee2', 'integer', 0, NULL, NULL, 1, '1', NULL, '2023-12-07 10:40:57', '2023-12-07 10:40:57');
INSERT INTO `act_hi_varinst` (`ID_`, `PROC_INST_ID_`, `EXECUTION_ID_`, `TASK_ID_`, `NAME_`, `VAR_TYPE_`, `REV_`, `BYTEARRAY_ID_`, `DOUBLE_`, `LONG_`, `TEXT_`, `TEXT2_`, `CREATE_TIME_`, `LAST_UPDATED_TIME_`) VALUES ('0ccd821b-94aa-11ee-bec2-ae0fbfe9b99d', '0cb36b50-94aa-11ee-bec2-ae0fbfe9b99d', '0cb455b8-94aa-11ee-bec2-ae0fbfe9b99d', '0ccd33f6-94aa-11ee-bec2-ae0fbfe9b99d', 'assignee1', 'integer', 0, NULL, NULL, 3, '3', NULL, '2023-12-07 10:40:57', '2023-12-07 10:40:57');
INSERT INTO `act_hi_varinst` (`ID_`, `PROC_INST_ID_`, `EXECUTION_ID_`, `TASK_ID_`, `NAME_`, `VAR_TYPE_`, `REV_`, `BYTEARRAY_ID_`, `DOUBLE_`, `LONG_`, `TEXT_`, `TEXT2_`, `CREATE_TIME_`, `LAST_UPDATED_TIME_`) VALUES ('6cf1190e-930a-11ee-a0b1-1ac551d3e0df', '6cf0caec-930a-11ee-a0b1-1ac551d3e0df', '6cf0caec-930a-11ee-a0b1-1ac551d3e0df', NULL, 'assignee0', 'string', 1, NULL, NULL, NULL, '2', NULL, '2023-12-05 09:05:48', '2023-12-05 09:05:48');
INSERT INTO `act_hi_varinst` (`ID_`, `PROC_INST_ID_`, `EXECUTION_ID_`, `TASK_ID_`, `NAME_`, `VAR_TYPE_`, `REV_`, `BYTEARRAY_ID_`, `DOUBLE_`, `LONG_`, `TEXT_`, `TEXT2_`, `CREATE_TIME_`, `LAST_UPDATED_TIME_`) VALUES ('6cf16730-930a-11ee-a0b1-1ac551d3e0df', '6cf0caec-930a-11ee-a0b1-1ac551d3e0df', '6cf0caec-930a-11ee-a0b1-1ac551d3e0df', NULL, 'assignee2', 'integer', 1, NULL, NULL, 1, '1', NULL, '2023-12-05 09:05:48', '2023-12-05 09:05:48');
INSERT INTO `act_hi_varinst` (`ID_`, `PROC_INST_ID_`, `EXECUTION_ID_`, `TASK_ID_`, `NAME_`, `VAR_TYPE_`, `REV_`, `BYTEARRAY_ID_`, `DOUBLE_`, `LONG_`, `TEXT_`, `TEXT2_`, `CREATE_TIME_`, `LAST_UPDATED_TIME_`) VALUES ('6cf16732-930a-11ee-a0b1-1ac551d3e0df', '6cf0caec-930a-11ee-a0b1-1ac551d3e0df', '6cf0caec-930a-11ee-a0b1-1ac551d3e0df', NULL, 'assignee1', 'integer', 1, NULL, NULL, 3, '3', NULL, '2023-12-05 09:05:48', '2023-12-05 09:05:48');
INSERT INTO `act_hi_varinst` (`ID_`, `PROC_INST_ID_`, `EXECUTION_ID_`, `TASK_ID_`, `NAME_`, `VAR_TYPE_`, `REV_`, `BYTEARRAY_ID_`, `DOUBLE_`, `LONG_`, `TEXT_`, `TEXT2_`, `CREATE_TIME_`, `LAST_UPDATED_TIME_`) VALUES ('6cf5d408-930a-11ee-a0b1-1ac551d3e0df', '6cf0caec-930a-11ee-a0b1-1ac551d3e0df', '6cf18e44-930a-11ee-a0b1-1ac551d3e0df', '6cf42657-930a-11ee-a0b1-1ac551d3e0df', 'assignee0', 'string', 0, NULL, NULL, NULL, '2', NULL, '2023-12-05 09:05:48', '2023-12-05 09:05:48');
INSERT INTO `act_hi_varinst` (`ID_`, `PROC_INST_ID_`, `EXECUTION_ID_`, `TASK_ID_`, `NAME_`, `VAR_TYPE_`, `REV_`, `BYTEARRAY_ID_`, `DOUBLE_`, `LONG_`, `TEXT_`, `TEXT2_`, `CREATE_TIME_`, `LAST_UPDATED_TIME_`) VALUES ('6cf5d40a-930a-11ee-a0b1-1ac551d3e0df', '6cf0caec-930a-11ee-a0b1-1ac551d3e0df', '6cf18e44-930a-11ee-a0b1-1ac551d3e0df', '6cf42657-930a-11ee-a0b1-1ac551d3e0df', 'assignee2', 'integer', 0, NULL, NULL, 1, '1', NULL, '2023-12-05 09:05:48', '2023-12-05 09:05:48');
INSERT INTO `act_hi_varinst` (`ID_`, `PROC_INST_ID_`, `EXECUTION_ID_`, `TASK_ID_`, `NAME_`, `VAR_TYPE_`, `REV_`, `BYTEARRAY_ID_`, `DOUBLE_`, `LONG_`, `TEXT_`, `TEXT2_`, `CREATE_TIME_`, `LAST_UPDATED_TIME_`) VALUES ('6cf5d40c-930a-11ee-a0b1-1ac551d3e0df', '6cf0caec-930a-11ee-a0b1-1ac551d3e0df', '6cf18e44-930a-11ee-a0b1-1ac551d3e0df', '6cf42657-930a-11ee-a0b1-1ac551d3e0df', 'assignee1', 'integer', 0, NULL, NULL, 3, '3', NULL, '2023-12-05 09:05:48', '2023-12-05 09:05:48');
INSERT INTO `act_hi_varinst` (`ID_`, `PROC_INST_ID_`, `EXECUTION_ID_`, `TASK_ID_`, `NAME_`, `VAR_TYPE_`, `REV_`, `BYTEARRAY_ID_`, `DOUBLE_`, `LONG_`, `TEXT_`, `TEXT2_`, `CREATE_TIME_`, `LAST_UPDATED_TIME_`) VALUES ('6d00f7a3-930a-11ee-a0b1-1ac551d3e0df', '6cf0caec-930a-11ee-a0b1-1ac551d3e0df', '6cf18e44-930a-11ee-a0b1-1ac551d3e0df', '6d008272-930a-11ee-a0b1-1ac551d3e0df', 'assignee0', 'string', 0, NULL, NULL, NULL, '2', NULL, '2023-12-05 09:05:48', '2023-12-05 09:05:48');
INSERT INTO `act_hi_varinst` (`ID_`, `PROC_INST_ID_`, `EXECUTION_ID_`, `TASK_ID_`, `NAME_`, `VAR_TYPE_`, `REV_`, `BYTEARRAY_ID_`, `DOUBLE_`, `LONG_`, `TEXT_`, `TEXT2_`, `CREATE_TIME_`, `LAST_UPDATED_TIME_`) VALUES ('6d011eb5-930a-11ee-a0b1-1ac551d3e0df', '6cf0caec-930a-11ee-a0b1-1ac551d3e0df', '6cf18e44-930a-11ee-a0b1-1ac551d3e0df', '6d008272-930a-11ee-a0b1-1ac551d3e0df', 'assignee2', 'integer', 0, NULL, NULL, 1, '1', NULL, '2023-12-05 09:05:48', '2023-12-05 09:05:48');
INSERT INTO `act_hi_varinst` (`ID_`, `PROC_INST_ID_`, `EXECUTION_ID_`, `TASK_ID_`, `NAME_`, `VAR_TYPE_`, `REV_`, `BYTEARRAY_ID_`, `DOUBLE_`, `LONG_`, `TEXT_`, `TEXT2_`, `CREATE_TIME_`, `LAST_UPDATED_TIME_`) VALUES ('6d011eb7-930a-11ee-a0b1-1ac551d3e0df', '6cf0caec-930a-11ee-a0b1-1ac551d3e0df', '6cf18e44-930a-11ee-a0b1-1ac551d3e0df', '6d008272-930a-11ee-a0b1-1ac551d3e0df', 'assignee1', 'integer', 0, NULL, NULL, 3, '3', NULL, '2023-12-05 09:05:48', '2023-12-05 09:05:48');
INSERT INTO `act_hi_varinst` (`ID_`, `PROC_INST_ID_`, `EXECUTION_ID_`, `TASK_ID_`, `NAME_`, `VAR_TYPE_`, `REV_`, `BYTEARRAY_ID_`, `DOUBLE_`, `LONG_`, `TEXT_`, `TEXT2_`, `CREATE_TIME_`, `LAST_UPDATED_TIME_`) VALUES ('8741aa91-9284-11ee-8d20-3ac8b98fcacd', '87415c6f-9284-11ee-8d20-3ac8b98fcacd', '87415c6f-9284-11ee-8d20-3ac8b98fcacd', NULL, 'assignee0', 'string', 2, NULL, NULL, NULL, '2', NULL, '2023-12-04 17:07:19', '2023-12-04 17:07:39');
INSERT INTO `act_hi_varinst` (`ID_`, `PROC_INST_ID_`, `EXECUTION_ID_`, `TASK_ID_`, `NAME_`, `VAR_TYPE_`, `REV_`, `BYTEARRAY_ID_`, `DOUBLE_`, `LONG_`, `TEXT_`, `TEXT2_`, `CREATE_TIME_`, `LAST_UPDATED_TIME_`) VALUES ('8741f8b3-9284-11ee-8d20-3ac8b98fcacd', '87415c6f-9284-11ee-8d20-3ac8b98fcacd', '87415c6f-9284-11ee-8d20-3ac8b98fcacd', NULL, 'assignee2', 'integer', 2, NULL, NULL, 1, '1', NULL, '2023-12-04 17:07:19', '2023-12-04 17:07:39');
INSERT INTO `act_hi_varinst` (`ID_`, `PROC_INST_ID_`, `EXECUTION_ID_`, `TASK_ID_`, `NAME_`, `VAR_TYPE_`, `REV_`, `BYTEARRAY_ID_`, `DOUBLE_`, `LONG_`, `TEXT_`, `TEXT2_`, `CREATE_TIME_`, `LAST_UPDATED_TIME_`) VALUES ('8741f8b5-9284-11ee-8d20-3ac8b98fcacd', '87415c6f-9284-11ee-8d20-3ac8b98fcacd', '87415c6f-9284-11ee-8d20-3ac8b98fcacd', NULL, 'assignee1', 'integer', 2, NULL, NULL, 3, '3', NULL, '2023-12-04 17:07:19', '2023-12-04 17:07:39');
INSERT INTO `act_hi_varinst` (`ID_`, `PROC_INST_ID_`, `EXECUTION_ID_`, `TASK_ID_`, `NAME_`, `VAR_TYPE_`, `REV_`, `BYTEARRAY_ID_`, `DOUBLE_`, `LONG_`, `TEXT_`, `TEXT2_`, `CREATE_TIME_`, `LAST_UPDATED_TIME_`) VALUES ('87452d0b-9284-11ee-8d20-3ac8b98fcacd', '87415c6f-9284-11ee-8d20-3ac8b98fcacd', '87421fc7-9284-11ee-8d20-3ac8b98fcacd', '874442aa-9284-11ee-8d20-3ac8b98fcacd', 'assignee0', 'string', 0, NULL, NULL, NULL, '2', NULL, '2023-12-04 17:07:19', '2023-12-04 17:07:19');
INSERT INTO `act_hi_varinst` (`ID_`, `PROC_INST_ID_`, `EXECUTION_ID_`, `TASK_ID_`, `NAME_`, `VAR_TYPE_`, `REV_`, `BYTEARRAY_ID_`, `DOUBLE_`, `LONG_`, `TEXT_`, `TEXT2_`, `CREATE_TIME_`, `LAST_UPDATED_TIME_`) VALUES ('87452d0d-9284-11ee-8d20-3ac8b98fcacd', '87415c6f-9284-11ee-8d20-3ac8b98fcacd', '87421fc7-9284-11ee-8d20-3ac8b98fcacd', '874442aa-9284-11ee-8d20-3ac8b98fcacd', 'assignee2', 'integer', 0, NULL, NULL, 1, '1', NULL, '2023-12-04 17:07:19', '2023-12-04 17:07:19');
INSERT INTO `act_hi_varinst` (`ID_`, `PROC_INST_ID_`, `EXECUTION_ID_`, `TASK_ID_`, `NAME_`, `VAR_TYPE_`, `REV_`, `BYTEARRAY_ID_`, `DOUBLE_`, `LONG_`, `TEXT_`, `TEXT2_`, `CREATE_TIME_`, `LAST_UPDATED_TIME_`) VALUES ('8745541f-9284-11ee-8d20-3ac8b98fcacd', '87415c6f-9284-11ee-8d20-3ac8b98fcacd', '87421fc7-9284-11ee-8d20-3ac8b98fcacd', '874442aa-9284-11ee-8d20-3ac8b98fcacd', 'assignee1', 'integer', 0, NULL, NULL, 3, '3', NULL, '2023-12-04 17:07:19', '2023-12-04 17:07:19');
INSERT INTO `act_hi_varinst` (`ID_`, `PROC_INST_ID_`, `EXECUTION_ID_`, `TASK_ID_`, `NAME_`, `VAR_TYPE_`, `REV_`, `BYTEARRAY_ID_`, `DOUBLE_`, `LONG_`, `TEXT_`, `TEXT2_`, `CREATE_TIME_`, `LAST_UPDATED_TIME_`) VALUES ('8753fa26-9284-11ee-8d20-3ac8b98fcacd', '87415c6f-9284-11ee-8d20-3ac8b98fcacd', '87421fc7-9284-11ee-8d20-3ac8b98fcacd', '875336d5-9284-11ee-8d20-3ac8b98fcacd', 'assignee0', 'string', 0, NULL, NULL, NULL, '2', NULL, '2023-12-04 17:07:19', '2023-12-04 17:07:19');
INSERT INTO `act_hi_varinst` (`ID_`, `PROC_INST_ID_`, `EXECUTION_ID_`, `TASK_ID_`, `NAME_`, `VAR_TYPE_`, `REV_`, `BYTEARRAY_ID_`, `DOUBLE_`, `LONG_`, `TEXT_`, `TEXT2_`, `CREATE_TIME_`, `LAST_UPDATED_TIME_`) VALUES ('8753fa28-9284-11ee-8d20-3ac8b98fcacd', '87415c6f-9284-11ee-8d20-3ac8b98fcacd', '87421fc7-9284-11ee-8d20-3ac8b98fcacd', '875336d5-9284-11ee-8d20-3ac8b98fcacd', 'assignee2', 'integer', 0, NULL, NULL, 1, '1', NULL, '2023-12-04 17:07:19', '2023-12-04 17:07:19');
INSERT INTO `act_hi_varinst` (`ID_`, `PROC_INST_ID_`, `EXECUTION_ID_`, `TASK_ID_`, `NAME_`, `VAR_TYPE_`, `REV_`, `BYTEARRAY_ID_`, `DOUBLE_`, `LONG_`, `TEXT_`, `TEXT2_`, `CREATE_TIME_`, `LAST_UPDATED_TIME_`) VALUES ('8754213a-9284-11ee-8d20-3ac8b98fcacd', '87415c6f-9284-11ee-8d20-3ac8b98fcacd', '87421fc7-9284-11ee-8d20-3ac8b98fcacd', '875336d5-9284-11ee-8d20-3ac8b98fcacd', 'assignee1', 'integer', 0, NULL, NULL, 3, '3', NULL, '2023-12-04 17:07:19', '2023-12-04 17:07:19');
INSERT INTO `act_hi_varinst` (`ID_`, `PROC_INST_ID_`, `EXECUTION_ID_`, `TASK_ID_`, `NAME_`, `VAR_TYPE_`, `REV_`, `BYTEARRAY_ID_`, `DOUBLE_`, `LONG_`, `TEXT_`, `TEXT2_`, `CREATE_TIME_`, `LAST_UPDATED_TIME_`) VALUES ('92e1969e-9284-11ee-8d20-3ac8b98fcacd', '87415c6f-9284-11ee-8d20-3ac8b98fcacd', '87415c6f-9284-11ee-8d20-3ac8b98fcacd', NULL, 'status', 'json', 0, NULL, NULL, NULL, '2', 'java.lang.Byte', '2023-12-04 17:07:39', '2023-12-04 17:07:39');
INSERT INTO `act_hi_varinst` (`ID_`, `PROC_INST_ID_`, `EXECUTION_ID_`, `TASK_ID_`, `NAME_`, `VAR_TYPE_`, `REV_`, `BYTEARRAY_ID_`, `DOUBLE_`, `LONG_`, `TEXT_`, `TEXT2_`, `CREATE_TIME_`, `LAST_UPDATED_TIME_`) VALUES ('b654a815-93e1-11ee-9173-1e46bbe0a030', 'b65432e3-93e1-11ee-9173-1e46bbe0a030', 'b65432e3-93e1-11ee-9173-1e46bbe0a030', NULL, 'assignee0', 'integer', 3, NULL, NULL, 2, '2', NULL, '2023-12-06 10:46:53', '2023-12-06 10:47:20');
INSERT INTO `act_hi_varinst` (`ID_`, `PROC_INST_ID_`, `EXECUTION_ID_`, `TASK_ID_`, `NAME_`, `VAR_TYPE_`, `REV_`, `BYTEARRAY_ID_`, `DOUBLE_`, `LONG_`, `TEXT_`, `TEXT2_`, `CREATE_TIME_`, `LAST_UPDATED_TIME_`) VALUES ('b654f637-93e1-11ee-9173-1e46bbe0a030', 'b65432e3-93e1-11ee-9173-1e46bbe0a030', 'b65432e3-93e1-11ee-9173-1e46bbe0a030', NULL, 'assignee2', 'integer', 3, NULL, NULL, 1, '1', NULL, '2023-12-06 10:46:53', '2023-12-06 10:47:20');
INSERT INTO `act_hi_varinst` (`ID_`, `PROC_INST_ID_`, `EXECUTION_ID_`, `TASK_ID_`, `NAME_`, `VAR_TYPE_`, `REV_`, `BYTEARRAY_ID_`, `DOUBLE_`, `LONG_`, `TEXT_`, `TEXT2_`, `CREATE_TIME_`, `LAST_UPDATED_TIME_`) VALUES ('b654f639-93e1-11ee-9173-1e46bbe0a030', 'b65432e3-93e1-11ee-9173-1e46bbe0a030', 'b65432e3-93e1-11ee-9173-1e46bbe0a030', NULL, 'assignee1', 'integer', 3, NULL, NULL, 3, '3', NULL, '2023-12-06 10:46:53', '2023-12-06 10:47:20');
INSERT INTO `act_hi_varinst` (`ID_`, `PROC_INST_ID_`, `EXECUTION_ID_`, `TASK_ID_`, `NAME_`, `VAR_TYPE_`, `REV_`, `BYTEARRAY_ID_`, `DOUBLE_`, `LONG_`, `TEXT_`, `TEXT2_`, `CREATE_TIME_`, `LAST_UPDATED_TIME_`) VALUES ('b65a9b8f-93e1-11ee-9173-1e46bbe0a030', 'b65432e3-93e1-11ee-9173-1e46bbe0a030', 'b654f63b-93e1-11ee-9173-1e46bbe0a030', 'b658edde-93e1-11ee-9173-1e46bbe0a030', 'assignee0', 'integer', 0, NULL, NULL, 2, '2', NULL, '2023-12-06 10:46:53', '2023-12-06 10:46:53');
INSERT INTO `act_hi_varinst` (`ID_`, `PROC_INST_ID_`, `EXECUTION_ID_`, `TASK_ID_`, `NAME_`, `VAR_TYPE_`, `REV_`, `BYTEARRAY_ID_`, `DOUBLE_`, `LONG_`, `TEXT_`, `TEXT2_`, `CREATE_TIME_`, `LAST_UPDATED_TIME_`) VALUES ('b65a9b91-93e1-11ee-9173-1e46bbe0a030', 'b65432e3-93e1-11ee-9173-1e46bbe0a030', 'b654f63b-93e1-11ee-9173-1e46bbe0a030', 'b658edde-93e1-11ee-9173-1e46bbe0a030', 'assignee2', 'integer', 0, NULL, NULL, 1, '1', NULL, '2023-12-06 10:46:53', '2023-12-06 10:46:53');
INSERT INTO `act_hi_varinst` (`ID_`, `PROC_INST_ID_`, `EXECUTION_ID_`, `TASK_ID_`, `NAME_`, `VAR_TYPE_`, `REV_`, `BYTEARRAY_ID_`, `DOUBLE_`, `LONG_`, `TEXT_`, `TEXT2_`, `CREATE_TIME_`, `LAST_UPDATED_TIME_`) VALUES ('b65ac2a3-93e1-11ee-9173-1e46bbe0a030', 'b65432e3-93e1-11ee-9173-1e46bbe0a030', 'b654f63b-93e1-11ee-9173-1e46bbe0a030', 'b658edde-93e1-11ee-9173-1e46bbe0a030', 'assignee1', 'integer', 0, NULL, NULL, 3, '3', NULL, '2023-12-06 10:46:53', '2023-12-06 10:46:53');
INSERT INTO `act_hi_varinst` (`ID_`, `PROC_INST_ID_`, `EXECUTION_ID_`, `TASK_ID_`, `NAME_`, `VAR_TYPE_`, `REV_`, `BYTEARRAY_ID_`, `DOUBLE_`, `LONG_`, `TEXT_`, `TEXT2_`, `CREATE_TIME_`, `LAST_UPDATED_TIME_`) VALUES ('b66549fa-93e1-11ee-9173-1e46bbe0a030', 'b65432e3-93e1-11ee-9173-1e46bbe0a030', 'b654f63b-93e1-11ee-9173-1e46bbe0a030', 'b664d4c9-93e1-11ee-9173-1e46bbe0a030', 'assignee0', 'integer', 0, NULL, NULL, 2, '2', NULL, '2023-12-06 10:46:53', '2023-12-06 10:46:53');
INSERT INTO `act_hi_varinst` (`ID_`, `PROC_INST_ID_`, `EXECUTION_ID_`, `TASK_ID_`, `NAME_`, `VAR_TYPE_`, `REV_`, `BYTEARRAY_ID_`, `DOUBLE_`, `LONG_`, `TEXT_`, `TEXT2_`, `CREATE_TIME_`, `LAST_UPDATED_TIME_`) VALUES ('b665710c-93e1-11ee-9173-1e46bbe0a030', 'b65432e3-93e1-11ee-9173-1e46bbe0a030', 'b654f63b-93e1-11ee-9173-1e46bbe0a030', 'b664d4c9-93e1-11ee-9173-1e46bbe0a030', 'assignee2', 'integer', 0, NULL, NULL, 1, '1', NULL, '2023-12-06 10:46:53', '2023-12-06 10:46:53');
INSERT INTO `act_hi_varinst` (`ID_`, `PROC_INST_ID_`, `EXECUTION_ID_`, `TASK_ID_`, `NAME_`, `VAR_TYPE_`, `REV_`, `BYTEARRAY_ID_`, `DOUBLE_`, `LONG_`, `TEXT_`, `TEXT2_`, `CREATE_TIME_`, `LAST_UPDATED_TIME_`) VALUES ('b665710e-93e1-11ee-9173-1e46bbe0a030', 'b65432e3-93e1-11ee-9173-1e46bbe0a030', 'b654f63b-93e1-11ee-9173-1e46bbe0a030', 'b664d4c9-93e1-11ee-9173-1e46bbe0a030', 'assignee1', 'integer', 0, NULL, NULL, 3, '3', NULL, '2023-12-06 10:46:53', '2023-12-06 10:46:53');
INSERT INTO `act_hi_varinst` (`ID_`, `PROC_INST_ID_`, `EXECUTION_ID_`, `TASK_ID_`, `NAME_`, `VAR_TYPE_`, `REV_`, `BYTEARRAY_ID_`, `DOUBLE_`, `LONG_`, `TEXT_`, `TEXT2_`, `CREATE_TIME_`, `LAST_UPDATED_TIME_`) VALUES ('c1e63c42-93e1-11ee-9173-1e46bbe0a030', 'b65432e3-93e1-11ee-9173-1e46bbe0a030', 'b65432e3-93e1-11ee-9173-1e46bbe0a030', NULL, 'status', 'json', 1, NULL, NULL, NULL, '1', 'java.lang.Byte', '2023-12-06 10:47:12', '2023-12-06 10:47:20');
INSERT INTO `act_hi_varinst` (`ID_`, `PROC_INST_ID_`, `EXECUTION_ID_`, `TASK_ID_`, `NAME_`, `VAR_TYPE_`, `REV_`, `BYTEARRAY_ID_`, `DOUBLE_`, `LONG_`, `TEXT_`, `TEXT2_`, `CREATE_TIME_`, `LAST_UPDATED_TIME_`) VALUES ('c1eca4ea-93e1-11ee-9173-1e46bbe0a030', 'b65432e3-93e1-11ee-9173-1e46bbe0a030', 'b654f63b-93e1-11ee-9173-1e46bbe0a030', 'c1ec56c9-93e1-11ee-9173-1e46bbe0a030', 'assignee0', 'integer', 0, NULL, NULL, 2, '2', NULL, '2023-12-06 10:47:12', '2023-12-06 10:47:12');
INSERT INTO `act_hi_varinst` (`ID_`, `PROC_INST_ID_`, `EXECUTION_ID_`, `TASK_ID_`, `NAME_`, `VAR_TYPE_`, `REV_`, `BYTEARRAY_ID_`, `DOUBLE_`, `LONG_`, `TEXT_`, `TEXT2_`, `CREATE_TIME_`, `LAST_UPDATED_TIME_`) VALUES ('c1eca4ec-93e1-11ee-9173-1e46bbe0a030', 'b65432e3-93e1-11ee-9173-1e46bbe0a030', 'b654f63b-93e1-11ee-9173-1e46bbe0a030', 'c1ec56c9-93e1-11ee-9173-1e46bbe0a030', 'assignee2', 'integer', 0, NULL, NULL, 1, '1', NULL, '2023-12-06 10:47:12', '2023-12-06 10:47:12');
INSERT INTO `act_hi_varinst` (`ID_`, `PROC_INST_ID_`, `EXECUTION_ID_`, `TASK_ID_`, `NAME_`, `VAR_TYPE_`, `REV_`, `BYTEARRAY_ID_`, `DOUBLE_`, `LONG_`, `TEXT_`, `TEXT2_`, `CREATE_TIME_`, `LAST_UPDATED_TIME_`) VALUES ('c1eca4ee-93e1-11ee-9173-1e46bbe0a030', 'b65432e3-93e1-11ee-9173-1e46bbe0a030', 'b654f63b-93e1-11ee-9173-1e46bbe0a030', 'c1ec56c9-93e1-11ee-9173-1e46bbe0a030', 'assignee1', 'integer', 0, NULL, NULL, 3, '3', NULL, '2023-12-06 10:47:12', '2023-12-06 10:47:12');
INSERT INTO `act_hi_varinst` (`ID_`, `PROC_INST_ID_`, `EXECUTION_ID_`, `TASK_ID_`, `NAME_`, `VAR_TYPE_`, `REV_`, `BYTEARRAY_ID_`, `DOUBLE_`, `LONG_`, `TEXT_`, `TEXT2_`, `CREATE_TIME_`, `LAST_UPDATED_TIME_`) VALUES ('c1eccc00-93e1-11ee-9173-1e46bbe0a030', 'b65432e3-93e1-11ee-9173-1e46bbe0a030', 'b654f63b-93e1-11ee-9173-1e46bbe0a030', 'c1ec56c9-93e1-11ee-9173-1e46bbe0a030', 'status', 'json', 0, NULL, NULL, NULL, '1', 'java.lang.Byte', '2023-12-06 10:47:12', '2023-12-06 10:47:12');
INSERT INTO `act_hi_varinst` (`ID_`, `PROC_INST_ID_`, `EXECUTION_ID_`, `TASK_ID_`, `NAME_`, `VAR_TYPE_`, `REV_`, `BYTEARRAY_ID_`, `DOUBLE_`, `LONG_`, `TEXT_`, `TEXT2_`, `CREATE_TIME_`, `LAST_UPDATED_TIME_`) VALUES ('e4bc522b-93d8-11ee-8714-1e46bbe0a030', 'e4bc0409-93d8-11ee-8714-1e46bbe0a030', 'e4bc0409-93d8-11ee-8714-1e46bbe0a030', NULL, 'assignee0', 'string', 1, NULL, NULL, NULL, '2', NULL, '2023-12-06 09:43:45', '2023-12-06 09:43:45');
INSERT INTO `act_hi_varinst` (`ID_`, `PROC_INST_ID_`, `EXECUTION_ID_`, `TASK_ID_`, `NAME_`, `VAR_TYPE_`, `REV_`, `BYTEARRAY_ID_`, `DOUBLE_`, `LONG_`, `TEXT_`, `TEXT2_`, `CREATE_TIME_`, `LAST_UPDATED_TIME_`) VALUES ('e4bca04d-93d8-11ee-8714-1e46bbe0a030', 'e4bc0409-93d8-11ee-8714-1e46bbe0a030', 'e4bc0409-93d8-11ee-8714-1e46bbe0a030', NULL, 'assignee2', 'integer', 1, NULL, NULL, 1, '1', NULL, '2023-12-06 09:43:45', '2023-12-06 09:43:45');
INSERT INTO `act_hi_varinst` (`ID_`, `PROC_INST_ID_`, `EXECUTION_ID_`, `TASK_ID_`, `NAME_`, `VAR_TYPE_`, `REV_`, `BYTEARRAY_ID_`, `DOUBLE_`, `LONG_`, `TEXT_`, `TEXT2_`, `CREATE_TIME_`, `LAST_UPDATED_TIME_`) VALUES ('e4bca04f-93d8-11ee-8714-1e46bbe0a030', 'e4bc0409-93d8-11ee-8714-1e46bbe0a030', 'e4bc0409-93d8-11ee-8714-1e46bbe0a030', NULL, 'assignee1', 'integer', 1, NULL, NULL, 3, '3', NULL, '2023-12-06 09:43:45', '2023-12-06 09:43:45');
INSERT INTO `act_hi_varinst` (`ID_`, `PROC_INST_ID_`, `EXECUTION_ID_`, `TASK_ID_`, `NAME_`, `VAR_TYPE_`, `REV_`, `BYTEARRAY_ID_`, `DOUBLE_`, `LONG_`, `TEXT_`, `TEXT2_`, `CREATE_TIME_`, `LAST_UPDATED_TIME_`) VALUES ('e4c1a965-93d8-11ee-8714-1e46bbe0a030', 'e4bc0409-93d8-11ee-8714-1e46bbe0a030', 'e4bca051-93d8-11ee-8714-1e46bbe0a030', 'e4bfd4a4-93d8-11ee-8714-1e46bbe0a030', 'assignee0', 'string', 0, NULL, NULL, NULL, '2', NULL, '2023-12-06 09:43:45', '2023-12-06 09:43:45');
INSERT INTO `act_hi_varinst` (`ID_`, `PROC_INST_ID_`, `EXECUTION_ID_`, `TASK_ID_`, `NAME_`, `VAR_TYPE_`, `REV_`, `BYTEARRAY_ID_`, `DOUBLE_`, `LONG_`, `TEXT_`, `TEXT2_`, `CREATE_TIME_`, `LAST_UPDATED_TIME_`) VALUES ('e4c1d077-93d8-11ee-8714-1e46bbe0a030', 'e4bc0409-93d8-11ee-8714-1e46bbe0a030', 'e4bca051-93d8-11ee-8714-1e46bbe0a030', 'e4bfd4a4-93d8-11ee-8714-1e46bbe0a030', 'assignee2', 'integer', 0, NULL, NULL, 1, '1', NULL, '2023-12-06 09:43:45', '2023-12-06 09:43:45');
INSERT INTO `act_hi_varinst` (`ID_`, `PROC_INST_ID_`, `EXECUTION_ID_`, `TASK_ID_`, `NAME_`, `VAR_TYPE_`, `REV_`, `BYTEARRAY_ID_`, `DOUBLE_`, `LONG_`, `TEXT_`, `TEXT2_`, `CREATE_TIME_`, `LAST_UPDATED_TIME_`) VALUES ('e4c1d079-93d8-11ee-8714-1e46bbe0a030', 'e4bc0409-93d8-11ee-8714-1e46bbe0a030', 'e4bca051-93d8-11ee-8714-1e46bbe0a030', 'e4bfd4a4-93d8-11ee-8714-1e46bbe0a030', 'assignee1', 'integer', 0, NULL, NULL, 3, '3', NULL, '2023-12-06 09:43:45', '2023-12-06 09:43:45');
INSERT INTO `act_hi_varinst` (`ID_`, `PROC_INST_ID_`, `EXECUTION_ID_`, `TASK_ID_`, `NAME_`, `VAR_TYPE_`, `REV_`, `BYTEARRAY_ID_`, `DOUBLE_`, `LONG_`, `TEXT_`, `TEXT2_`, `CREATE_TIME_`, `LAST_UPDATED_TIME_`) VALUES ('e4d2e780-93d8-11ee-8714-1e46bbe0a030', 'e4bc0409-93d8-11ee-8714-1e46bbe0a030', 'e4bca051-93d8-11ee-8714-1e46bbe0a030', 'e4d24b3f-93d8-11ee-8714-1e46bbe0a030', 'assignee0', 'string', 0, NULL, NULL, NULL, '2', NULL, '2023-12-06 09:43:45', '2023-12-06 09:43:45');
INSERT INTO `act_hi_varinst` (`ID_`, `PROC_INST_ID_`, `EXECUTION_ID_`, `TASK_ID_`, `NAME_`, `VAR_TYPE_`, `REV_`, `BYTEARRAY_ID_`, `DOUBLE_`, `LONG_`, `TEXT_`, `TEXT2_`, `CREATE_TIME_`, `LAST_UPDATED_TIME_`) VALUES ('e4d2e782-93d8-11ee-8714-1e46bbe0a030', 'e4bc0409-93d8-11ee-8714-1e46bbe0a030', 'e4bca051-93d8-11ee-8714-1e46bbe0a030', 'e4d24b3f-93d8-11ee-8714-1e46bbe0a030', 'assignee2', 'integer', 0, NULL, NULL, 1, '1', NULL, '2023-12-06 09:43:45', '2023-12-06 09:43:45');
INSERT INTO `act_hi_varinst` (`ID_`, `PROC_INST_ID_`, `EXECUTION_ID_`, `TASK_ID_`, `NAME_`, `VAR_TYPE_`, `REV_`, `BYTEARRAY_ID_`, `DOUBLE_`, `LONG_`, `TEXT_`, `TEXT2_`, `CREATE_TIME_`, `LAST_UPDATED_TIME_`) VALUES ('e4d2e784-93d8-11ee-8714-1e46bbe0a030', 'e4bc0409-93d8-11ee-8714-1e46bbe0a030', 'e4bca051-93d8-11ee-8714-1e46bbe0a030', 'e4d24b3f-93d8-11ee-8714-1e46bbe0a030', 'assignee1', 'integer', 0, NULL, NULL, 3, '3', NULL, '2023-12-06 09:43:45', '2023-12-06 09:43:45');
COMMIT;

-- ----------------------------
-- Table structure for act_procdef_info
-- ----------------------------
DROP TABLE IF EXISTS `act_procdef_info`;
CREATE TABLE `act_procdef_info` (
  `ID_` varchar(64) NOT NULL,
  `PROC_DEF_ID_` varchar(64) NOT NULL COMMENT '流程定义ID',
  `REV_` int(11) DEFAULT NULL COMMENT '版本',
  `INFO_JSON_ID_` varchar(64) DEFAULT NULL,
  PRIMARY KEY (`ID_`),
  UNIQUE KEY `ACT_UNIQ_INFO_PROCDEF` (`PROC_DEF_ID_`),
  KEY `ACT_IDX_INFO_PROCDEF` (`PROC_DEF_ID_`),
  KEY `ACT_FK_INFO_JSON_BA` (`INFO_JSON_ID_`),
  CONSTRAINT `ACT_FK_INFO_JSON_BA` FOREIGN KEY (`INFO_JSON_ID_`) REFERENCES `act_ge_bytearray` (`ID_`),
  CONSTRAINT `ACT_FK_INFO_PROCDEF` FOREIGN KEY (`PROC_DEF_ID_`) REFERENCES `act_re_procdef` (`ID_`)
) ENGINE=InnoDB DEFAULT CHARSET=utf8mb3 COLLATE=utf8mb3_bin COMMENT='已部署的流程定义表';

-- ----------------------------
-- Records of act_procdef_info
-- ----------------------------
BEGIN;
COMMIT;

-- ----------------------------
-- Table structure for act_re_deployment
-- ----------------------------
DROP TABLE IF EXISTS `act_re_deployment`;
CREATE TABLE `act_re_deployment` (
  `ID_` varchar(64) NOT NULL,
  `NAME_` varchar(255) DEFAULT NULL COMMENT '部署包的名称',
  `CATEGORY_` varchar(255) DEFAULT NULL COMMENT '类型',
  `KEY_` varchar(255) DEFAULT NULL,
  `TENANT_ID_` varchar(255) DEFAULT '' COMMENT '租户,多租户通常是在软件需要为多个不同组织服务时产生的概念',
  `DEPLOY_TIME_` timestamp NULL DEFAULT NULL COMMENT '部署时间',
  `ENGINE_VERSION_` varchar(255) DEFAULT NULL,
  `VERSION_` int(11) DEFAULT 1,
  `PROJECT_RELEASE_VERSION_` varchar(255) DEFAULT NULL,
  PRIMARY KEY (`ID_`)
) ENGINE=InnoDB DEFAULT CHARSET=utf8mb3 COLLATE=utf8mb3_bin COMMENT='部署信息表';

-- ----------------------------
-- Records of act_re_deployment
-- ----------------------------
BEGIN;
INSERT INTO `act_re_deployment` (`ID_`, `NAME_`, `CATEGORY_`, `KEY_`, `TENANT_ID_`, `DEPLOY_TIME_`, `ENGINE_VERSION_`, `VERSION_`, `PROJECT_RELEASE_VERSION_`) VALUES ('cae28b59-8d92-11ee-86f3-cac7020c0d44', '请假申请', 'http://www.activiti.org/processdef', 'leave-apply', '', '2023-11-28 10:06:50', NULL, 1, NULL);
INSERT INTO `act_re_deployment` (`ID_`, `NAME_`, `CATEGORY_`, `KEY_`, `TENANT_ID_`, `DEPLOY_TIME_`, `ENGINE_VERSION_`, `VERSION_`, `PROJECT_RELEASE_VERSION_`) VALUES ('cbbb863c-8d92-11ee-86f3-cac7020c0d44', '出差申请', 'http://www.activiti.org/processdef', 'evection-apply', '', '2023-11-28 10:06:51', NULL, 1, NULL);
COMMIT;

-- ----------------------------
-- Table structure for act_re_model
-- ----------------------------
DROP TABLE IF EXISTS `act_re_model`;
CREATE TABLE `act_re_model` (
  `ID_` varchar(64) NOT NULL,
  `REV_` int(11) DEFAULT NULL COMMENT '乐观锁版本',
  `NAME_` varchar(255) DEFAULT NULL COMMENT '模型的名称：比如：收文管理',
  `KEY_` varchar(255) DEFAULT NULL COMMENT '模型的关键字，流程引擎用到。比如：FTOA_SWGL',
  `CATEGORY_` varchar(255) DEFAULT NULL COMMENT '类型，用户自己对流程模型的分类。',
  `CREATE_TIME_` timestamp NULL DEFAULT NULL COMMENT '创建时间',
  `LAST_UPDATE_TIME_` timestamp NULL DEFAULT NULL COMMENT '最后修改时间',
  `VERSION_` int(11) DEFAULT NULL COMMENT '版本，从1开始。',
  `META_INFO_` varchar(4000) DEFAULT NULL COMMENT '以json格式保存流程定义的信息,数据源信息，比如：{"name":"FTOA_SWGL","revision":1,"description":"丰台财政局OA，收文管理流程"}',
  `DEPLOYMENT_ID_` varchar(64) DEFAULT NULL COMMENT '部署ID',
  `EDITOR_SOURCE_VALUE_ID_` varchar(64) DEFAULT NULL COMMENT '编辑源值ID,是 ACT_GE_BYTEARRAY 表中的ID_值。',
  `EDITOR_SOURCE_EXTRA_VALUE_ID_` varchar(64) DEFAULT NULL COMMENT '编辑源额外值ID（外键ACT_GE_BYTEARRAY ）,是 ACT_GE_BYTEARRAY 表中的ID_值。',
  `TENANT_ID_` varchar(255) DEFAULT '' COMMENT '租户',
  PRIMARY KEY (`ID_`),
  KEY `ACT_FK_MODEL_SOURCE` (`EDITOR_SOURCE_VALUE_ID_`),
  KEY `ACT_FK_MODEL_SOURCE_EXTRA` (`EDITOR_SOURCE_EXTRA_VALUE_ID_`),
  KEY `ACT_FK_MODEL_DEPLOYMENT` (`DEPLOYMENT_ID_`),
  CONSTRAINT `ACT_FK_MODEL_DEPLOYMENT` FOREIGN KEY (`DEPLOYMENT_ID_`) REFERENCES `act_re_deployment` (`ID_`),
  CONSTRAINT `ACT_FK_MODEL_SOURCE` FOREIGN KEY (`EDITOR_SOURCE_VALUE_ID_`) REFERENCES `act_ge_bytearray` (`ID_`),
  CONSTRAINT `ACT_FK_MODEL_SOURCE_EXTRA` FOREIGN KEY (`EDITOR_SOURCE_EXTRA_VALUE_ID_`) REFERENCES `act_ge_bytearray` (`ID_`)
) ENGINE=InnoDB DEFAULT CHARSET=utf8mb3 COLLATE=utf8mb3_bin COMMENT='流程设计模型表';

-- ----------------------------
-- Records of act_re_model
-- ----------------------------
BEGIN;
INSERT INTO `act_re_model` (`ID_`, `REV_`, `NAME_`, `KEY_`, `CATEGORY_`, `CREATE_TIME_`, `LAST_UPDATE_TIME_`, `VERSION_`, `META_INFO_`, `DEPLOYMENT_ID_`, `EDITOR_SOURCE_VALUE_ID_`, `EDITOR_SOURCE_EXTRA_VALUE_ID_`, `TENANT_ID_`) VALUES ('4e09bae8-8d04-11ee-86fd-a668574e0bdd', 4, '请假申请', 'leave-apply', 'http://www.activiti.org/processdef', '2023-11-27 17:06:52', '2023-11-28 10:06:50', 1, '{\"name\":\"请假申请\",\"description\":null,\"revision\":1}', 'cae28b59-8d92-11ee-86f3-cac7020c0d44', '4e0c2be9-8d04-11ee-86fd-a668574e0bdd', NULL, '');
INSERT INTO `act_re_model` (`ID_`, `REV_`, `NAME_`, `KEY_`, `CATEGORY_`, `CREATE_TIME_`, `LAST_UPDATE_TIME_`, `VERSION_`, `META_INFO_`, `DEPLOYMENT_ID_`, `EDITOR_SOURCE_VALUE_ID_`, `EDITOR_SOURCE_EXTRA_VALUE_ID_`, `TENANT_ID_`) VALUES ('6789728f-8cee-11ee-963e-a668574e0bdd', 27, '出差申请', 'evection-apply', 'http://www.activiti.org/processdef', '2023-11-27 14:30:06', '2023-11-28 10:06:51', 1, '{\"name\":\"出差申请\",\"description\":\"出差申请\",\"revision\":1}', 'cbbb863c-8d92-11ee-86f3-cac7020c0d44', '678d4320-8cee-11ee-963e-a668574e0bdd', 'd1d97b41-8cee-11ee-963e-a668574e0bdd', '');
COMMIT;

-- ----------------------------
-- Table structure for act_re_procdef
-- ----------------------------
DROP TABLE IF EXISTS `act_re_procdef`;
CREATE TABLE `act_re_procdef` (
  `ID_` varchar(64) NOT NULL,
  `REV_` int(11) DEFAULT NULL COMMENT '乐观锁',
  `CATEGORY_` varchar(255) DEFAULT NULL COMMENT '流程命名空间（该编号就是流程文件targetNamespace的属性值）流程定义的Namespace就是类别',
  `NAME_` varchar(255) DEFAULT NULL COMMENT '流程名称（该编号就是流程文件process元素的name属性值）',
  `KEY_` varchar(255) NOT NULL COMMENT '流程编号（该编号就是流程文件process元素的id属性值）',
  `VERSION_` int(11) NOT NULL COMMENT '流程版本号（由程序控制，新增即为1，修改后依次加1来完成的）',
  `DEPLOYMENT_ID_` varchar(64) DEFAULT NULL COMMENT '部署编号',
  `RESOURCE_NAME_` varchar(4000) DEFAULT NULL COMMENT '资源文件名称,流程bpmn文件名称',
  `DGRM_RESOURCE_NAME_` varchar(4000) DEFAULT NULL COMMENT '图片资源文件名称,png流程图片名称',
  `DESCRIPTION_` varchar(4000) DEFAULT NULL COMMENT '描述信息',
  `HAS_START_FORM_KEY_` tinyint(4) DEFAULT NULL COMMENT '是否从key启动,start节点是否存在formKey0否  1是',
  `HAS_GRAPHICAL_NOTATION_` tinyint(4) DEFAULT NULL,
  `SUSPENSION_STATE_` int(11) DEFAULT NULL COMMENT '是否挂起,1激活 2挂起',
  `TENANT_ID_` varchar(255) DEFAULT '',
  `ENGINE_VERSION_` varchar(255) DEFAULT NULL,
  `APP_VERSION_` int(11) DEFAULT NULL,
  PRIMARY KEY (`ID_`),
  UNIQUE KEY `ACT_UNIQ_PROCDEF` (`KEY_`,`VERSION_`,`TENANT_ID_`)
) ENGINE=InnoDB DEFAULT CHARSET=utf8mb3 COLLATE=utf8mb3_bin COMMENT='流程定义解析表';

-- ----------------------------
-- Records of act_re_procdef
-- ----------------------------
BEGIN;
INSERT INTO `act_re_procdef` (`ID_`, `REV_`, `CATEGORY_`, `NAME_`, `KEY_`, `VERSION_`, `DEPLOYMENT_ID_`, `RESOURCE_NAME_`, `DGRM_RESOURCE_NAME_`, `DESCRIPTION_`, `HAS_START_FORM_KEY_`, `HAS_GRAPHICAL_NOTATION_`, `SUSPENSION_STATE_`, `TENANT_ID_`, `ENGINE_VERSION_`, `APP_VERSION_`) VALUES ('evection-apply:1:cbc45fde-8d92-11ee-86f3-cac7020c0d44', 1, 'http://www.activiti.org/processdef', '出差申请', 'evection-apply', 1, 'cbbb863c-8d92-11ee-86f3-cac7020c0d44', 'evection-apply.bpmn20.xml', NULL, NULL, 0, 1, 1, '', NULL, NULL);
INSERT INTO `act_re_procdef` (`ID_`, `REV_`, `CATEGORY_`, `NAME_`, `KEY_`, `VERSION_`, `DEPLOYMENT_ID_`, `RESOURCE_NAME_`, `DGRM_RESOURCE_NAME_`, `DESCRIPTION_`, `HAS_START_FORM_KEY_`, `HAS_GRAPHICAL_NOTATION_`, `SUSPENSION_STATE_`, `TENANT_ID_`, `ENGINE_VERSION_`, `APP_VERSION_`) VALUES ('leave-apply:1:cafcca1b-8d92-11ee-86f3-cac7020c0d44', 1, 'http://www.activiti.org/processdef', '请假申请', 'leave-apply', 1, 'cae28b59-8d92-11ee-86f3-cac7020c0d44', 'leave-apply.bpmn20.xml', NULL, NULL, 0, 1, 1, '', NULL, NULL);
COMMIT;

-- ----------------------------
-- Table structure for act_ru_deadletter_job
-- ----------------------------
DROP TABLE IF EXISTS `act_ru_deadletter_job`;
CREATE TABLE `act_ru_deadletter_job` (
  `ID_` varchar(64) NOT NULL,
  `REV_` int(11) DEFAULT NULL COMMENT '版本',
  `TYPE_` varchar(255) NOT NULL,
  `EXCLUSIVE_` tinyint(1) DEFAULT NULL,
  `EXECUTION_ID_` varchar(64) DEFAULT NULL COMMENT '执行实例ID',
  `PROCESS_INSTANCE_ID_` varchar(64) DEFAULT NULL COMMENT '流程实例Id',
  `PROC_DEF_ID_` varchar(64) DEFAULT NULL COMMENT '流程定义ID',
  `EXCEPTION_STACK_ID_` varchar(64) DEFAULT NULL COMMENT '异常信息ID',
  `EXCEPTION_MSG_` varchar(4000) DEFAULT NULL COMMENT '异常信息',
  `DUEDATE_` timestamp NULL DEFAULT NULL COMMENT '到期时间',
  `REPEAT_` varchar(255) DEFAULT NULL COMMENT '重复',
  `HANDLER_TYPE_` varchar(255) DEFAULT NULL COMMENT '处理类型',
  `HANDLER_CFG_` varchar(4000) DEFAULT NULL COMMENT '标识',
  `TENANT_ID_` varchar(255) DEFAULT '',
  PRIMARY KEY (`ID_`),
  KEY `ACT_FK_DEADLETTER_JOB_EXECUTION` (`EXECUTION_ID_`),
  KEY `ACT_FK_DEADLETTER_JOB_PROCESS_INSTANCE` (`PROCESS_INSTANCE_ID_`),
  KEY `ACT_FK_DEADLETTER_JOB_PROC_DEF` (`PROC_DEF_ID_`),
  KEY `ACT_FK_DEADLETTER_JOB_EXCEPTION` (`EXCEPTION_STACK_ID_`),
  CONSTRAINT `ACT_FK_DEADLETTER_JOB_EXCEPTION` FOREIGN KEY (`EXCEPTION_STACK_ID_`) REFERENCES `act_ge_bytearray` (`ID_`),
  CONSTRAINT `ACT_FK_DEADLETTER_JOB_EXECUTION` FOREIGN KEY (`EXECUTION_ID_`) REFERENCES `act_ru_execution` (`ID_`),
  CONSTRAINT `ACT_FK_DEADLETTER_JOB_PROCESS_INSTANCE` FOREIGN KEY (`PROCESS_INSTANCE_ID_`) REFERENCES `act_ru_execution` (`ID_`),
  CONSTRAINT `ACT_FK_DEADLETTER_JOB_PROC_DEF` FOREIGN KEY (`PROC_DEF_ID_`) REFERENCES `act_re_procdef` (`ID_`)
) ENGINE=InnoDB DEFAULT CHARSET=utf8mb3 COLLATE=utf8mb3_bin COMMENT='作业死亡信息表';

-- ----------------------------
-- Records of act_ru_deadletter_job
-- ----------------------------
BEGIN;
COMMIT;

-- ----------------------------
-- Table structure for act_ru_event_subscr
-- ----------------------------
DROP TABLE IF EXISTS `act_ru_event_subscr`;
CREATE TABLE `act_ru_event_subscr` (
  `ID_` varchar(64) NOT NULL,
  `REV_` int(11) DEFAULT NULL COMMENT '乐观锁版本号',
  `EVENT_TYPE_` varchar(255) NOT NULL COMMENT '事件类型',
  `EVENT_NAME_` varchar(255) DEFAULT NULL COMMENT '事件名称',
  `EXECUTION_ID_` varchar(64) DEFAULT NULL COMMENT '流程执行ID',
  `PROC_INST_ID_` varchar(64) DEFAULT NULL COMMENT '流程实例ID',
  `ACTIVITY_ID_` varchar(64) DEFAULT NULL COMMENT '活动ID',
  `CONFIGURATION_` varchar(255) DEFAULT NULL COMMENT '配置信息',
  `CREATED_` timestamp NOT NULL DEFAULT current_timestamp() COMMENT '创建时间',
  `PROC_DEF_ID_` varchar(64) DEFAULT NULL,
  `TENANT_ID_` varchar(255) DEFAULT '',
  PRIMARY KEY (`ID_`),
  KEY `ACT_IDX_EVENT_SUBSCR_CONFIG_` (`CONFIGURATION_`),
  KEY `ACT_FK_EVENT_EXEC` (`EXECUTION_ID_`),
  CONSTRAINT `ACT_FK_EVENT_EXEC` FOREIGN KEY (`EXECUTION_ID_`) REFERENCES `act_ru_execution` (`ID_`)
) ENGINE=InnoDB DEFAULT CHARSET=utf8mb3 COLLATE=utf8mb3_bin COMMENT='运行时事件表';

-- ----------------------------
-- Records of act_ru_event_subscr
-- ----------------------------
BEGIN;
COMMIT;

-- ----------------------------
-- Table structure for act_ru_execution
-- ----------------------------
DROP TABLE IF EXISTS `act_ru_execution`;
CREATE TABLE `act_ru_execution` (
  `ID_` varchar(64) NOT NULL,
  `REV_` int(11) DEFAULT NULL COMMENT '乐观锁版本号',
  `PROC_INST_ID_` varchar(64) DEFAULT NULL COMMENT '流程实例编号,流程实例ID',
  `BUSINESS_KEY_` varchar(255) DEFAULT NULL COMMENT '业务编号,业务主键ID',
  `PARENT_ID_` varchar(64) DEFAULT NULL COMMENT '父执行流程,父节点实例ID',
  `PROC_DEF_ID_` varchar(64) DEFAULT NULL COMMENT '流程定义Id',
  `SUPER_EXEC_` varchar(64) DEFAULT NULL,
  `ROOT_PROC_INST_ID_` varchar(64) DEFAULT NULL,
  `ACT_ID_` varchar(255) DEFAULT NULL COMMENT '节点实例ID即ACT_HI_ACTINST中ID',
  `IS_ACTIVE_` tinyint(4) DEFAULT NULL COMMENT '激活状态,是否存活',
  `IS_CONCURRENT_` tinyint(4) DEFAULT NULL COMMENT '并发状态,是否为并行(true/false）',
  `IS_SCOPE_` tinyint(4) DEFAULT NULL,
  `IS_EVENT_SCOPE_` tinyint(4) DEFAULT NULL,
  `IS_MI_ROOT_` tinyint(4) DEFAULT NULL,
  `SUSPENSION_STATE_` int(11) DEFAULT NULL COMMENT '暂停状态_,挂起状态   1激活 2挂起',
  `CACHED_ENT_STATE_` int(11) DEFAULT NULL COMMENT '缓存结束状态_',
  `TENANT_ID_` varchar(255) DEFAULT '',
  `NAME_` varchar(255) DEFAULT NULL,
  `START_TIME_` datetime DEFAULT NULL,
  `START_USER_ID_` varchar(255) DEFAULT NULL,
  `LOCK_TIME_` timestamp NULL DEFAULT NULL,
  `IS_COUNT_ENABLED_` tinyint(4) DEFAULT NULL,
  `EVT_SUBSCR_COUNT_` int(11) DEFAULT NULL,
  `TASK_COUNT_` int(11) DEFAULT NULL,
  `JOB_COUNT_` int(11) DEFAULT NULL,
  `TIMER_JOB_COUNT_` int(11) DEFAULT NULL,
  `SUSP_JOB_COUNT_` int(11) DEFAULT NULL,
  `DEADLETTER_JOB_COUNT_` int(11) DEFAULT NULL,
  `VAR_COUNT_` int(11) DEFAULT NULL,
  `ID_LINK_COUNT_` int(11) DEFAULT NULL,
  `APP_VERSION_` int(11) DEFAULT NULL,
  PRIMARY KEY (`ID_`),
  KEY `ACT_IDX_EXEC_BUSKEY` (`BUSINESS_KEY_`),
  KEY `ACT_IDC_EXEC_ROOT` (`ROOT_PROC_INST_ID_`),
  KEY `ACT_FK_EXE_PROCINST` (`PROC_INST_ID_`),
  KEY `ACT_FK_EXE_PARENT` (`PARENT_ID_`),
  KEY `ACT_FK_EXE_SUPER` (`SUPER_EXEC_`),
  KEY `ACT_FK_EXE_PROCDEF` (`PROC_DEF_ID_`),
  CONSTRAINT `ACT_FK_EXE_PARENT` FOREIGN KEY (`PARENT_ID_`) REFERENCES `act_ru_execution` (`ID_`) ON DELETE CASCADE,
  CONSTRAINT `ACT_FK_EXE_PROCDEF` FOREIGN KEY (`PROC_DEF_ID_`) REFERENCES `act_re_procdef` (`ID_`),
  CONSTRAINT `ACT_FK_EXE_PROCINST` FOREIGN KEY (`PROC_INST_ID_`) REFERENCES `act_ru_execution` (`ID_`) ON DELETE CASCADE ON UPDATE CASCADE,
  CONSTRAINT `ACT_FK_EXE_SUPER` FOREIGN KEY (`SUPER_EXEC_`) REFERENCES `act_ru_execution` (`ID_`) ON DELETE CASCADE
) ENGINE=InnoDB DEFAULT CHARSET=utf8mb3 COLLATE=utf8mb3_bin COMMENT='运行时流程执行实例表';

-- ----------------------------
-- Records of act_ru_execution
-- ----------------------------
BEGIN;
INSERT INTO `act_ru_execution` (`ID_`, `REV_`, `PROC_INST_ID_`, `BUSINESS_KEY_`, `PARENT_ID_`, `PROC_DEF_ID_`, `SUPER_EXEC_`, `ROOT_PROC_INST_ID_`, `ACT_ID_`, `IS_ACTIVE_`, `IS_CONCURRENT_`, `IS_SCOPE_`, `IS_EVENT_SCOPE_`, `IS_MI_ROOT_`, `SUSPENSION_STATE_`, `CACHED_ENT_STATE_`, `TENANT_ID_`, `NAME_`, `START_TIME_`, `START_USER_ID_`, `LOCK_TIME_`, `IS_COUNT_ENABLED_`, `EVT_SUBSCR_COUNT_`, `TASK_COUNT_`, `JOB_COUNT_`, `TIMER_JOB_COUNT_`, `SUSP_JOB_COUNT_`, `DEADLETTER_JOB_COUNT_`, `VAR_COUNT_`, `ID_LINK_COUNT_`, `APP_VERSION_`) VALUES ('0cb36b50-94aa-11ee-bec2-ae0fbfe9b99d', 1, '0cb36b50-94aa-11ee-bec2-ae0fbfe9b99d', 'evection-apply:34', NULL, 'evection-apply:1:cbc45fde-8d92-11ee-86f3-cac7020c0d44', NULL, '0cb36b50-94aa-11ee-bec2-ae0fbfe9b99d', NULL, 1, 0, 1, 0, 0, 1, NULL, '', NULL, '2023-12-07 10:40:57', '1', NULL, 0, 0, 0, 0, 0, 0, 0, 0, 0, NULL);
INSERT INTO `act_ru_execution` (`ID_`, `REV_`, `PROC_INST_ID_`, `BUSINESS_KEY_`, `PARENT_ID_`, `PROC_DEF_ID_`, `SUPER_EXEC_`, `ROOT_PROC_INST_ID_`, `ACT_ID_`, `IS_ACTIVE_`, `IS_CONCURRENT_`, `IS_SCOPE_`, `IS_EVENT_SCOPE_`, `IS_MI_ROOT_`, `SUSPENSION_STATE_`, `CACHED_ENT_STATE_`, `TENANT_ID_`, `NAME_`, `START_TIME_`, `START_USER_ID_`, `LOCK_TIME_`, `IS_COUNT_ENABLED_`, `EVT_SUBSCR_COUNT_`, `TASK_COUNT_`, `JOB_COUNT_`, `TIMER_JOB_COUNT_`, `SUSP_JOB_COUNT_`, `DEADLETTER_JOB_COUNT_`, `VAR_COUNT_`, `ID_LINK_COUNT_`, `APP_VERSION_`) VALUES ('0cb455b8-94aa-11ee-bec2-ae0fbfe9b99d', 2, '0cb36b50-94aa-11ee-bec2-ae0fbfe9b99d', NULL, '0cb36b50-94aa-11ee-bec2-ae0fbfe9b99d', 'evection-apply:1:cbc45fde-8d92-11ee-86f3-cac7020c0d44', NULL, '0cb36b50-94aa-11ee-bec2-ae0fbfe9b99d', 'sid-18647353-7512-450c-aa98-f7de48b1b742', 1, 0, 0, 0, 0, 1, NULL, '', NULL, '2023-12-07 10:40:57', NULL, NULL, 0, 0, 0, 0, 0, 0, 0, 0, 0, NULL);
INSERT INTO `act_ru_execution` (`ID_`, `REV_`, `PROC_INST_ID_`, `BUSINESS_KEY_`, `PARENT_ID_`, `PROC_DEF_ID_`, `SUPER_EXEC_`, `ROOT_PROC_INST_ID_`, `ACT_ID_`, `IS_ACTIVE_`, `IS_CONCURRENT_`, `IS_SCOPE_`, `IS_EVENT_SCOPE_`, `IS_MI_ROOT_`, `SUSPENSION_STATE_`, `CACHED_ENT_STATE_`, `TENANT_ID_`, `NAME_`, `START_TIME_`, `START_USER_ID_`, `LOCK_TIME_`, `IS_COUNT_ENABLED_`, `EVT_SUBSCR_COUNT_`, `TASK_COUNT_`, `JOB_COUNT_`, `TIMER_JOB_COUNT_`, `SUSP_JOB_COUNT_`, `DEADLETTER_JOB_COUNT_`, `VAR_COUNT_`, `ID_LINK_COUNT_`, `APP_VERSION_`) VALUES ('e4bc0409-93d8-11ee-8714-1e46bbe0a030', 1, 'e4bc0409-93d8-11ee-8714-1e46bbe0a030', 'evection-apply:32', NULL, 'evection-apply:1:cbc45fde-8d92-11ee-86f3-cac7020c0d44', NULL, 'e4bc0409-93d8-11ee-8714-1e46bbe0a030', NULL, 1, 0, 1, 0, 0, 1, NULL, '', NULL, '2023-12-06 09:43:45', '2', NULL, 0, 0, 0, 0, 0, 0, 0, 0, 0, NULL);
INSERT INTO `act_ru_execution` (`ID_`, `REV_`, `PROC_INST_ID_`, `BUSINESS_KEY_`, `PARENT_ID_`, `PROC_DEF_ID_`, `SUPER_EXEC_`, `ROOT_PROC_INST_ID_`, `ACT_ID_`, `IS_ACTIVE_`, `IS_CONCURRENT_`, `IS_SCOPE_`, `IS_EVENT_SCOPE_`, `IS_MI_ROOT_`, `SUSPENSION_STATE_`, `CACHED_ENT_STATE_`, `TENANT_ID_`, `NAME_`, `START_TIME_`, `START_USER_ID_`, `LOCK_TIME_`, `IS_COUNT_ENABLED_`, `EVT_SUBSCR_COUNT_`, `TASK_COUNT_`, `JOB_COUNT_`, `TIMER_JOB_COUNT_`, `SUSP_JOB_COUNT_`, `DEADLETTER_JOB_COUNT_`, `VAR_COUNT_`, `ID_LINK_COUNT_`, `APP_VERSION_`) VALUES ('e4bca051-93d8-11ee-8714-1e46bbe0a030', 2, 'e4bc0409-93d8-11ee-8714-1e46bbe0a030', NULL, 'e4bc0409-93d8-11ee-8714-1e46bbe0a030', 'evection-apply:1:cbc45fde-8d92-11ee-86f3-cac7020c0d44', NULL, 'e4bc0409-93d8-11ee-8714-1e46bbe0a030', 'sid-18647353-7512-450c-aa98-f7de48b1b742', 1, 0, 0, 0, 0, 1, NULL, '', NULL, '2023-12-06 09:43:45', NULL, NULL, 0, 0, 0, 0, 0, 0, 0, 0, 0, NULL);
COMMIT;

-- ----------------------------
-- Table structure for act_ru_identitylink
-- ----------------------------
DROP TABLE IF EXISTS `act_ru_identitylink`;
CREATE TABLE `act_ru_identitylink` (
  `ID_` varchar(64) NOT NULL,
  `REV_` int(11) DEFAULT NULL COMMENT '乐观锁版本号',
  `GROUP_ID_` varchar(255) DEFAULT NULL COMMENT '用户组id',
  `TYPE_` varchar(255) DEFAULT NULL COMMENT '用户组类型,主要分为以下几种：assignee、candidate、owner、starter、participant。即：受让人,候选人,所有者、起动器、参与者',
  `USER_ID_` varchar(255) DEFAULT NULL COMMENT '用户ID',
  `TASK_ID_` varchar(64) DEFAULT NULL COMMENT '任务Id',
  `PROC_INST_ID_` varchar(64) DEFAULT NULL COMMENT '流程实例ID',
  `PROC_DEF_ID_` varchar(64) DEFAULT NULL COMMENT '流程定义Id',
  PRIMARY KEY (`ID_`),
  KEY `ACT_IDX_IDENT_LNK_USER` (`USER_ID_`),
  KEY `ACT_IDX_IDENT_LNK_GROUP` (`GROUP_ID_`),
  KEY `ACT_IDX_ATHRZ_PROCEDEF` (`PROC_DEF_ID_`),
  KEY `ACT_FK_TSKASS_TASK` (`TASK_ID_`),
  KEY `ACT_FK_IDL_PROCINST` (`PROC_INST_ID_`),
  CONSTRAINT `ACT_FK_ATHRZ_PROCEDEF` FOREIGN KEY (`PROC_DEF_ID_`) REFERENCES `act_re_procdef` (`ID_`),
  CONSTRAINT `ACT_FK_IDL_PROCINST` FOREIGN KEY (`PROC_INST_ID_`) REFERENCES `act_ru_execution` (`ID_`),
  CONSTRAINT `ACT_FK_TSKASS_TASK` FOREIGN KEY (`TASK_ID_`) REFERENCES `act_ru_task` (`ID_`)
) ENGINE=InnoDB DEFAULT CHARSET=utf8mb3 COLLATE=utf8mb3_bin COMMENT='身份联系表';

-- ----------------------------
-- Records of act_ru_identitylink
-- ----------------------------
BEGIN;
INSERT INTO `act_ru_identitylink` (`ID_`, `REV_`, `GROUP_ID_`, `TYPE_`, `USER_ID_`, `TASK_ID_`, `PROC_INST_ID_`, `PROC_DEF_ID_`) VALUES ('0cb36b51-94aa-11ee-bec2-ae0fbfe9b99d', 1, NULL, 'starter', '1', NULL, '0cb36b50-94aa-11ee-bec2-ae0fbfe9b99d', NULL);
INSERT INTO `act_ru_identitylink` (`ID_`, `REV_`, `GROUP_ID_`, `TYPE_`, `USER_ID_`, `TASK_ID_`, `PROC_INST_ID_`, `PROC_DEF_ID_`) VALUES ('0ccda92d-94aa-11ee-bec2-ae0fbfe9b99d', 1, NULL, 'participant', '3', NULL, '0cb36b50-94aa-11ee-bec2-ae0fbfe9b99d', NULL);
INSERT INTO `act_ru_identitylink` (`ID_`, `REV_`, `GROUP_ID_`, `TYPE_`, `USER_ID_`, `TASK_ID_`, `PROC_INST_ID_`, `PROC_DEF_ID_`) VALUES ('e4bc040a-93d8-11ee-8714-1e46bbe0a030', 1, NULL, 'starter', '2', NULL, 'e4bc0409-93d8-11ee-8714-1e46bbe0a030', NULL);
INSERT INTO `act_ru_identitylink` (`ID_`, `REV_`, `GROUP_ID_`, `TYPE_`, `USER_ID_`, `TASK_ID_`, `PROC_INST_ID_`, `PROC_DEF_ID_`) VALUES ('e4d30e96-93d8-11ee-8714-1e46bbe0a030', 1, NULL, 'participant', '3', NULL, 'e4bc0409-93d8-11ee-8714-1e46bbe0a030', NULL);
COMMIT;

-- ----------------------------
-- Table structure for act_ru_integration
-- ----------------------------
DROP TABLE IF EXISTS `act_ru_integration`;
CREATE TABLE `act_ru_integration` (
  `ID_` varchar(64) NOT NULL,
  `EXECUTION_ID_` varchar(64) DEFAULT NULL COMMENT '执行实例ID',
  `PROCESS_INSTANCE_ID_` varchar(64) DEFAULT NULL COMMENT '流程实例Id',
  `PROC_DEF_ID_` varchar(64) DEFAULT NULL COMMENT '流程定义ID',
  `FLOW_NODE_ID_` varchar(64) DEFAULT NULL,
  `CREATED_DATE_` timestamp NOT NULL DEFAULT current_timestamp() ON UPDATE current_timestamp(),
  PRIMARY KEY (`ID_`),
  KEY `ACT_FK_INT_EXECUTION` (`EXECUTION_ID_`),
  KEY `ACT_FK_INT_PROC_INST` (`PROCESS_INSTANCE_ID_`),
  KEY `ACT_FK_INT_PROC_DEF` (`PROC_DEF_ID_`),
  CONSTRAINT `ACT_FK_INT_EXECUTION` FOREIGN KEY (`EXECUTION_ID_`) REFERENCES `act_ru_execution` (`ID_`) ON DELETE CASCADE,
  CONSTRAINT `ACT_FK_INT_PROC_DEF` FOREIGN KEY (`PROC_DEF_ID_`) REFERENCES `act_re_procdef` (`ID_`),
  CONSTRAINT `ACT_FK_INT_PROC_INST` FOREIGN KEY (`PROCESS_INSTANCE_ID_`) REFERENCES `act_ru_execution` (`ID_`)
) ENGINE=InnoDB DEFAULT CHARSET=utf8mb3 COLLATE=utf8mb3_bin COMMENT='运行时综合表';

-- ----------------------------
-- Records of act_ru_integration
-- ----------------------------
BEGIN;
COMMIT;

-- ----------------------------
-- Table structure for act_ru_job
-- ----------------------------
DROP TABLE IF EXISTS `act_ru_job`;
CREATE TABLE `act_ru_job` (
  `ID_` varchar(64) NOT NULL,
  `REV_` int(11) DEFAULT NULL COMMENT '乐观锁版本号',
  `TYPE_` varchar(255) NOT NULL COMMENT '类型',
  `LOCK_EXP_TIME_` timestamp NULL DEFAULT NULL COMMENT '锁定释放时间',
  `LOCK_OWNER_` varchar(255) DEFAULT NULL COMMENT '挂起者',
  `EXCLUSIVE_` tinyint(1) DEFAULT NULL,
  `EXECUTION_ID_` varchar(64) DEFAULT NULL COMMENT '执行实例ID',
  `PROCESS_INSTANCE_ID_` varchar(64) DEFAULT NULL COMMENT '流程实例ID',
  `PROC_DEF_ID_` varchar(64) DEFAULT NULL COMMENT '流程定义ID',
  `RETRIES_` int(11) DEFAULT NULL,
  `EXCEPTION_STACK_ID_` varchar(64) DEFAULT NULL COMMENT '异常信息ID',
  `EXCEPTION_MSG_` varchar(4000) DEFAULT NULL COMMENT '异常信息',
  `DUEDATE_` timestamp NULL DEFAULT NULL COMMENT '到期时间',
  `REPEAT_` varchar(255) DEFAULT NULL COMMENT '重复',
  `HANDLER_TYPE_` varchar(255) DEFAULT NULL COMMENT '处理类型',
  `HANDLER_CFG_` varchar(4000) DEFAULT NULL COMMENT '标识',
  `TENANT_ID_` varchar(255) DEFAULT '',
  PRIMARY KEY (`ID_`),
  KEY `ACT_FK_JOB_EXECUTION` (`EXECUTION_ID_`),
  KEY `ACT_FK_JOB_PROCESS_INSTANCE` (`PROCESS_INSTANCE_ID_`),
  KEY `ACT_FK_JOB_PROC_DEF` (`PROC_DEF_ID_`),
  KEY `ACT_FK_JOB_EXCEPTION` (`EXCEPTION_STACK_ID_`),
  CONSTRAINT `ACT_FK_JOB_EXCEPTION` FOREIGN KEY (`EXCEPTION_STACK_ID_`) REFERENCES `act_ge_bytearray` (`ID_`),
  CONSTRAINT `ACT_FK_JOB_EXECUTION` FOREIGN KEY (`EXECUTION_ID_`) REFERENCES `act_ru_execution` (`ID_`),
  CONSTRAINT `ACT_FK_JOB_PROCESS_INSTANCE` FOREIGN KEY (`PROCESS_INSTANCE_ID_`) REFERENCES `act_ru_execution` (`ID_`),
  CONSTRAINT `ACT_FK_JOB_PROC_DEF` FOREIGN KEY (`PROC_DEF_ID_`) REFERENCES `act_re_procdef` (`ID_`)
) ENGINE=InnoDB DEFAULT CHARSET=utf8mb3 COLLATE=utf8mb3_bin COMMENT='运行中的任务表';

-- ----------------------------
-- Records of act_ru_job
-- ----------------------------
BEGIN;
COMMIT;

-- ----------------------------
-- Table structure for act_ru_suspended_job
-- ----------------------------
DROP TABLE IF EXISTS `act_ru_suspended_job`;
CREATE TABLE `act_ru_suspended_job` (
  `ID_` varchar(64) NOT NULL,
  `REV_` int(11) DEFAULT NULL COMMENT '版本',
  `TYPE_` varchar(255) NOT NULL COMMENT '类型',
  `EXCLUSIVE_` tinyint(1) DEFAULT NULL,
  `EXECUTION_ID_` varchar(64) DEFAULT NULL COMMENT '执行实例ID',
  `PROCESS_INSTANCE_ID_` varchar(64) DEFAULT NULL COMMENT '流程实例Id',
  `PROC_DEF_ID_` varchar(64) DEFAULT NULL COMMENT '流程定义ID',
  `RETRIES_` int(11) DEFAULT NULL,
  `EXCEPTION_STACK_ID_` varchar(64) DEFAULT NULL,
  `EXCEPTION_MSG_` varchar(4000) DEFAULT NULL,
  `DUEDATE_` timestamp NULL DEFAULT NULL,
  `REPEAT_` varchar(255) DEFAULT NULL,
  `HANDLER_TYPE_` varchar(255) DEFAULT NULL COMMENT '处理类型',
  `HANDLER_CFG_` varchar(4000) DEFAULT NULL,
  `TENANT_ID_` varchar(255) DEFAULT '',
  PRIMARY KEY (`ID_`),
  KEY `ACT_FK_SUSPENDED_JOB_EXECUTION` (`EXECUTION_ID_`),
  KEY `ACT_FK_SUSPENDED_JOB_PROCESS_INSTANCE` (`PROCESS_INSTANCE_ID_`),
  KEY `ACT_FK_SUSPENDED_JOB_PROC_DEF` (`PROC_DEF_ID_`),
  KEY `ACT_FK_SUSPENDED_JOB_EXCEPTION` (`EXCEPTION_STACK_ID_`),
  CONSTRAINT `ACT_FK_SUSPENDED_JOB_EXCEPTION` FOREIGN KEY (`EXCEPTION_STACK_ID_`) REFERENCES `act_ge_bytearray` (`ID_`),
  CONSTRAINT `ACT_FK_SUSPENDED_JOB_EXECUTION` FOREIGN KEY (`EXECUTION_ID_`) REFERENCES `act_ru_execution` (`ID_`),
  CONSTRAINT `ACT_FK_SUSPENDED_JOB_PROCESS_INSTANCE` FOREIGN KEY (`PROCESS_INSTANCE_ID_`) REFERENCES `act_ru_execution` (`ID_`),
  CONSTRAINT `ACT_FK_SUSPENDED_JOB_PROC_DEF` FOREIGN KEY (`PROC_DEF_ID_`) REFERENCES `act_re_procdef` (`ID_`)
) ENGINE=InnoDB DEFAULT CHARSET=utf8mb3 COLLATE=utf8mb3_bin COMMENT='运行时作业暂停表';

-- ----------------------------
-- Records of act_ru_suspended_job
-- ----------------------------
BEGIN;
COMMIT;

-- ----------------------------
-- Table structure for act_ru_task
-- ----------------------------
DROP TABLE IF EXISTS `act_ru_task`;
CREATE TABLE `act_ru_task` (
  `ID_` varchar(64) NOT NULL,
  `REV_` int(11) DEFAULT NULL COMMENT '乐观锁版本号',
  `EXECUTION_ID_` varchar(64) DEFAULT NULL COMMENT '实例id（外键EXECUTION_ID_）',
  `PROC_INST_ID_` varchar(64) DEFAULT NULL COMMENT '流程实例ID（外键PROC_INST_ID_）',
  `PROC_DEF_ID_` varchar(64) DEFAULT NULL COMMENT '流程定义ID',
  `NAME_` varchar(255) DEFAULT NULL COMMENT '任务名称',
  `BUSINESS_KEY_` varchar(255) DEFAULT NULL,
  `PARENT_TASK_ID_` varchar(64) DEFAULT NULL COMMENT '父节任务ID',
  `DESCRIPTION_` varchar(4000) DEFAULT NULL COMMENT '任务描述',
  `TASK_DEF_KEY_` varchar(255) DEFAULT NULL COMMENT '任务定义key,任务定义的ID',
  `OWNER_` varchar(255) DEFAULT NULL COMMENT '所属人(老板),拥有者（一般情况下为空，只有在委托时才有值）',
  `ASSIGNEE_` varchar(255) DEFAULT NULL COMMENT '代理人员(受让人),签收人或委托人',
  `DELEGATION_` varchar(64) DEFAULT NULL COMMENT '代理团,委托类型，DelegationState分为两种：PENDING，RESOLVED。如无委托则为空',
  `PRIORITY_` int(11) DEFAULT NULL COMMENT '优先权,优先级别，默认为：50',
  `CREATE_TIME_` timestamp NULL DEFAULT NULL COMMENT '创建时间',
  `DUE_DATE_` datetime DEFAULT NULL COMMENT '执行时间',
  `CATEGORY_` varchar(255) DEFAULT NULL,
  `SUSPENSION_STATE_` int(11) DEFAULT NULL COMMENT '暂停状态,1代表激活 2代表挂起',
  `TENANT_ID_` varchar(255) DEFAULT '',
  `FORM_KEY_` varchar(255) DEFAULT NULL,
  `CLAIM_TIME_` datetime DEFAULT NULL,
  `APP_VERSION_` int(11) DEFAULT NULL,
  PRIMARY KEY (`ID_`),
  KEY `ACT_IDX_TASK_CREATE` (`CREATE_TIME_`),
  KEY `ACT_FK_TASK_EXE` (`EXECUTION_ID_`),
  KEY `ACT_FK_TASK_PROCINST` (`PROC_INST_ID_`),
  KEY `ACT_FK_TASK_PROCDEF` (`PROC_DEF_ID_`),
  CONSTRAINT `ACT_FK_TASK_EXE` FOREIGN KEY (`EXECUTION_ID_`) REFERENCES `act_ru_execution` (`ID_`),
  CONSTRAINT `ACT_FK_TASK_PROCDEF` FOREIGN KEY (`PROC_DEF_ID_`) REFERENCES `act_re_procdef` (`ID_`),
  CONSTRAINT `ACT_FK_TASK_PROCINST` FOREIGN KEY (`PROC_INST_ID_`) REFERENCES `act_ru_execution` (`ID_`)
) ENGINE=InnoDB DEFAULT CHARSET=utf8mb3 COLLATE=utf8mb3_bin COMMENT='运行时任务数据表';

-- ----------------------------
-- Records of act_ru_task
-- ----------------------------
BEGIN;
INSERT INTO `act_ru_task` (`ID_`, `REV_`, `EXECUTION_ID_`, `PROC_INST_ID_`, `PROC_DEF_ID_`, `NAME_`, `BUSINESS_KEY_`, `PARENT_TASK_ID_`, `DESCRIPTION_`, `TASK_DEF_KEY_`, `OWNER_`, `ASSIGNEE_`, `DELEGATION_`, `PRIORITY_`, `CREATE_TIME_`, `DUE_DATE_`, `CATEGORY_`, `SUSPENSION_STATE_`, `TENANT_ID_`, `FORM_KEY_`, `CLAIM_TIME_`, `APP_VERSION_`) VALUES ('0ccd33f6-94aa-11ee-bec2-ae0fbfe9b99d', 1, '0cb455b8-94aa-11ee-bec2-ae0fbfe9b99d', '0cb36b50-94aa-11ee-bec2-ae0fbfe9b99d', 'evection-apply:1:cbc45fde-8d92-11ee-86f3-cac7020c0d44', '部门审批', 'evection-apply:34', NULL, NULL, 'sid-18647353-7512-450c-aa98-f7de48b1b742', NULL, '3', NULL, 50, '2023-12-07 10:40:57', NULL, NULL, 1, '', NULL, NULL, NULL);
INSERT INTO `act_ru_task` (`ID_`, `REV_`, `EXECUTION_ID_`, `PROC_INST_ID_`, `PROC_DEF_ID_`, `NAME_`, `BUSINESS_KEY_`, `PARENT_TASK_ID_`, `DESCRIPTION_`, `TASK_DEF_KEY_`, `OWNER_`, `ASSIGNEE_`, `DELEGATION_`, `PRIORITY_`, `CREATE_TIME_`, `DUE_DATE_`, `CATEGORY_`, `SUSPENSION_STATE_`, `TENANT_ID_`, `FORM_KEY_`, `CLAIM_TIME_`, `APP_VERSION_`) VALUES ('e4d24b3f-93d8-11ee-8714-1e46bbe0a030', 1, 'e4bca051-93d8-11ee-8714-1e46bbe0a030', 'e4bc0409-93d8-11ee-8714-1e46bbe0a030', 'evection-apply:1:cbc45fde-8d92-11ee-86f3-cac7020c0d44', '部门审批', 'evection-apply:32', NULL, NULL, 'sid-18647353-7512-450c-aa98-f7de48b1b742', NULL, '3', NULL, 50, '2023-12-06 09:43:45', NULL, NULL, 1, '', NULL, NULL, NULL);
COMMIT;

-- ----------------------------
-- Table structure for act_ru_timer_job
-- ----------------------------
DROP TABLE IF EXISTS `act_ru_timer_job`;
CREATE TABLE `act_ru_timer_job` (
  `ID_` varchar(64) NOT NULL,
  `REV_` int(11) DEFAULT NULL COMMENT '版本',
  `TYPE_` varchar(255) NOT NULL COMMENT '类型',
  `LOCK_EXP_TIME_` timestamp NULL DEFAULT NULL,
  `LOCK_OWNER_` varchar(255) DEFAULT NULL,
  `EXCLUSIVE_` tinyint(1) DEFAULT NULL,
  `EXECUTION_ID_` varchar(64) DEFAULT NULL COMMENT '执行实例ID',
  `PROCESS_INSTANCE_ID_` varchar(64) DEFAULT NULL COMMENT '流程实例Id',
  `PROC_DEF_ID_` varchar(64) DEFAULT NULL COMMENT '流程定义ID',
  `RETRIES_` int(11) DEFAULT NULL,
  `EXCEPTION_STACK_ID_` varchar(64) DEFAULT NULL,
  `EXCEPTION_MSG_` varchar(4000) DEFAULT NULL,
  `DUEDATE_` timestamp NULL DEFAULT NULL,
  `REPEAT_` varchar(255) DEFAULT NULL COMMENT '重复',
  `HANDLER_TYPE_` varchar(255) DEFAULT NULL COMMENT '处理类型',
  `HANDLER_CFG_` varchar(4000) DEFAULT NULL,
  `TENANT_ID_` varchar(255) DEFAULT '',
  PRIMARY KEY (`ID_`),
  KEY `ACT_FK_TIMER_JOB_EXECUTION` (`EXECUTION_ID_`),
  KEY `ACT_FK_TIMER_JOB_PROCESS_INSTANCE` (`PROCESS_INSTANCE_ID_`),
  KEY `ACT_FK_TIMER_JOB_PROC_DEF` (`PROC_DEF_ID_`),
  KEY `ACT_FK_TIMER_JOB_EXCEPTION` (`EXCEPTION_STACK_ID_`),
  CONSTRAINT `ACT_FK_TIMER_JOB_EXCEPTION` FOREIGN KEY (`EXCEPTION_STACK_ID_`) REFERENCES `act_ge_bytearray` (`ID_`),
  CONSTRAINT `ACT_FK_TIMER_JOB_EXECUTION` FOREIGN KEY (`EXECUTION_ID_`) REFERENCES `act_ru_execution` (`ID_`),
  CONSTRAINT `ACT_FK_TIMER_JOB_PROCESS_INSTANCE` FOREIGN KEY (`PROCESS_INSTANCE_ID_`) REFERENCES `act_ru_execution` (`ID_`),
  CONSTRAINT `ACT_FK_TIMER_JOB_PROC_DEF` FOREIGN KEY (`PROC_DEF_ID_`) REFERENCES `act_re_procdef` (`ID_`)
) ENGINE=InnoDB DEFAULT CHARSET=utf8mb3 COLLATE=utf8mb3_bin COMMENT='运行时定时器作业表';

-- ----------------------------
-- Records of act_ru_timer_job
-- ----------------------------
BEGIN;
COMMIT;

-- ----------------------------
-- Table structure for act_ru_variable
-- ----------------------------
DROP TABLE IF EXISTS `act_ru_variable`;
CREATE TABLE `act_ru_variable` (
  `ID_` varchar(64) NOT NULL,
  `REV_` int(11) DEFAULT NULL COMMENT '乐观锁版本号',
  `TYPE_` varchar(255) NOT NULL COMMENT '编码类型',
  `NAME_` varchar(255) NOT NULL COMMENT '变量名称',
  `EXECUTION_ID_` varchar(64) DEFAULT NULL COMMENT '执行实例ID',
  `PROC_INST_ID_` varchar(64) DEFAULT NULL COMMENT '流程实例Id',
  `TASK_ID_` varchar(64) DEFAULT NULL COMMENT '任务id',
  `BYTEARRAY_ID_` varchar(64) DEFAULT NULL COMMENT '字节组ID,字节表的ID（ACT_GE_BYTEARRAY）',
  `DOUBLE_` double DEFAULT NULL,
  `LONG_` bigint(20) DEFAULT NULL COMMENT '存储变量类型为long',
  `TEXT_` varchar(4000) DEFAULT NULL COMMENT '存储变量值类型为String,存储变量值类型为String',
  `TEXT2_` varchar(4000) DEFAULT NULL COMMENT '此处存储的是JPA持久化对象时，才会有值。此值为对象ID',
  PRIMARY KEY (`ID_`),
  KEY `ACT_IDX_VARIABLE_TASK_ID` (`TASK_ID_`),
  KEY `ACT_FK_VAR_EXE` (`EXECUTION_ID_`),
  KEY `ACT_FK_VAR_PROCINST` (`PROC_INST_ID_`),
  KEY `ACT_FK_VAR_BYTEARRAY` (`BYTEARRAY_ID_`),
  CONSTRAINT `ACT_FK_VAR_BYTEARRAY` FOREIGN KEY (`BYTEARRAY_ID_`) REFERENCES `act_ge_bytearray` (`ID_`),
  CONSTRAINT `ACT_FK_VAR_EXE` FOREIGN KEY (`EXECUTION_ID_`) REFERENCES `act_ru_execution` (`ID_`),
  CONSTRAINT `ACT_FK_VAR_PROCINST` FOREIGN KEY (`PROC_INST_ID_`) REFERENCES `act_ru_execution` (`ID_`)
) ENGINE=InnoDB DEFAULT CHARSET=utf8mb3 COLLATE=utf8mb3_bin COMMENT='运行时流程变量数据表';

-- ----------------------------
-- Records of act_ru_variable
-- ----------------------------
BEGIN;
INSERT INTO `act_ru_variable` (`ID_`, `REV_`, `TYPE_`, `NAME_`, `EXECUTION_ID_`, `PROC_INST_ID_`, `TASK_ID_`, `BYTEARRAY_ID_`, `DOUBLE_`, `LONG_`, `TEXT_`, `TEXT2_`) VALUES ('0cb3e082-94aa-11ee-bec2-ae0fbfe9b99d', 1, 'string', 'assignee0', '0cb36b50-94aa-11ee-bec2-ae0fbfe9b99d', '0cb36b50-94aa-11ee-bec2-ae0fbfe9b99d', NULL, NULL, NULL, NULL, '1', NULL);
INSERT INTO `act_ru_variable` (`ID_`, `REV_`, `TYPE_`, `NAME_`, `EXECUTION_ID_`, `PROC_INST_ID_`, `TASK_ID_`, `BYTEARRAY_ID_`, `DOUBLE_`, `LONG_`, `TEXT_`, `TEXT2_`) VALUES ('0cb42ea4-94aa-11ee-bec2-ae0fbfe9b99d', 1, 'integer', 'assignee2', '0cb36b50-94aa-11ee-bec2-ae0fbfe9b99d', '0cb36b50-94aa-11ee-bec2-ae0fbfe9b99d', NULL, NULL, NULL, 1, '1', NULL);
INSERT INTO `act_ru_variable` (`ID_`, `REV_`, `TYPE_`, `NAME_`, `EXECUTION_ID_`, `PROC_INST_ID_`, `TASK_ID_`, `BYTEARRAY_ID_`, `DOUBLE_`, `LONG_`, `TEXT_`, `TEXT2_`) VALUES ('0cb42ea6-94aa-11ee-bec2-ae0fbfe9b99d', 1, 'integer', 'assignee1', '0cb36b50-94aa-11ee-bec2-ae0fbfe9b99d', '0cb36b50-94aa-11ee-bec2-ae0fbfe9b99d', NULL, NULL, NULL, 3, '3', NULL);
INSERT INTO `act_ru_variable` (`ID_`, `REV_`, `TYPE_`, `NAME_`, `EXECUTION_ID_`, `PROC_INST_ID_`, `TASK_ID_`, `BYTEARRAY_ID_`, `DOUBLE_`, `LONG_`, `TEXT_`, `TEXT2_`) VALUES ('0ccd8217-94aa-11ee-bec2-ae0fbfe9b99d', 1, 'string', 'assignee0', '0cb455b8-94aa-11ee-bec2-ae0fbfe9b99d', '0cb36b50-94aa-11ee-bec2-ae0fbfe9b99d', '0ccd33f6-94aa-11ee-bec2-ae0fbfe9b99d', NULL, NULL, NULL, '1', NULL);
INSERT INTO `act_ru_variable` (`ID_`, `REV_`, `TYPE_`, `NAME_`, `EXECUTION_ID_`, `PROC_INST_ID_`, `TASK_ID_`, `BYTEARRAY_ID_`, `DOUBLE_`, `LONG_`, `TEXT_`, `TEXT2_`) VALUES ('0ccd8219-94aa-11ee-bec2-ae0fbfe9b99d', 1, 'integer', 'assignee2', '0cb455b8-94aa-11ee-bec2-ae0fbfe9b99d', '0cb36b50-94aa-11ee-bec2-ae0fbfe9b99d', '0ccd33f6-94aa-11ee-bec2-ae0fbfe9b99d', NULL, NULL, 1, '1', NULL);
INSERT INTO `act_ru_variable` (`ID_`, `REV_`, `TYPE_`, `NAME_`, `EXECUTION_ID_`, `PROC_INST_ID_`, `TASK_ID_`, `BYTEARRAY_ID_`, `DOUBLE_`, `LONG_`, `TEXT_`, `TEXT2_`) VALUES ('0ccd821b-94aa-11ee-bec2-ae0fbfe9b99d', 1, 'integer', 'assignee1', '0cb455b8-94aa-11ee-bec2-ae0fbfe9b99d', '0cb36b50-94aa-11ee-bec2-ae0fbfe9b99d', '0ccd33f6-94aa-11ee-bec2-ae0fbfe9b99d', NULL, NULL, 3, '3', NULL);
INSERT INTO `act_ru_variable` (`ID_`, `REV_`, `TYPE_`, `NAME_`, `EXECUTION_ID_`, `PROC_INST_ID_`, `TASK_ID_`, `BYTEARRAY_ID_`, `DOUBLE_`, `LONG_`, `TEXT_`, `TEXT2_`) VALUES ('e4bc522b-93d8-11ee-8714-1e46bbe0a030', 1, 'string', 'assignee0', 'e4bc0409-93d8-11ee-8714-1e46bbe0a030', 'e4bc0409-93d8-11ee-8714-1e46bbe0a030', NULL, NULL, NULL, NULL, '2', NULL);
INSERT INTO `act_ru_variable` (`ID_`, `REV_`, `TYPE_`, `NAME_`, `EXECUTION_ID_`, `PROC_INST_ID_`, `TASK_ID_`, `BYTEARRAY_ID_`, `DOUBLE_`, `LONG_`, `TEXT_`, `TEXT2_`) VALUES ('e4bca04d-93d8-11ee-8714-1e46bbe0a030', 1, 'integer', 'assignee2', 'e4bc0409-93d8-11ee-8714-1e46bbe0a030', 'e4bc0409-93d8-11ee-8714-1e46bbe0a030', NULL, NULL, NULL, 1, '1', NULL);
INSERT INTO `act_ru_variable` (`ID_`, `REV_`, `TYPE_`, `NAME_`, `EXECUTION_ID_`, `PROC_INST_ID_`, `TASK_ID_`, `BYTEARRAY_ID_`, `DOUBLE_`, `LONG_`, `TEXT_`, `TEXT2_`) VALUES ('e4bca04f-93d8-11ee-8714-1e46bbe0a030', 1, 'integer', 'assignee1', 'e4bc0409-93d8-11ee-8714-1e46bbe0a030', 'e4bc0409-93d8-11ee-8714-1e46bbe0a030', NULL, NULL, NULL, 3, '3', NULL);
INSERT INTO `act_ru_variable` (`ID_`, `REV_`, `TYPE_`, `NAME_`, `EXECUTION_ID_`, `PROC_INST_ID_`, `TASK_ID_`, `BYTEARRAY_ID_`, `DOUBLE_`, `LONG_`, `TEXT_`, `TEXT2_`) VALUES ('e4d2e780-93d8-11ee-8714-1e46bbe0a030', 1, 'string', 'assignee0', 'e4bca051-93d8-11ee-8714-1e46bbe0a030', 'e4bc0409-93d8-11ee-8714-1e46bbe0a030', 'e4d24b3f-93d8-11ee-8714-1e46bbe0a030', NULL, NULL, NULL, '2', NULL);
INSERT INTO `act_ru_variable` (`ID_`, `REV_`, `TYPE_`, `NAME_`, `EXECUTION_ID_`, `PROC_INST_ID_`, `TASK_ID_`, `BYTEARRAY_ID_`, `DOUBLE_`, `LONG_`, `TEXT_`, `TEXT2_`) VALUES ('e4d2e782-93d8-11ee-8714-1e46bbe0a030', 1, 'integer', 'assignee2', 'e4bca051-93d8-11ee-8714-1e46bbe0a030', 'e4bc0409-93d8-11ee-8714-1e46bbe0a030', 'e4d24b3f-93d8-11ee-8714-1e46bbe0a030', NULL, NULL, 1, '1', NULL);
INSERT INTO `act_ru_variable` (`ID_`, `REV_`, `TYPE_`, `NAME_`, `EXECUTION_ID_`, `PROC_INST_ID_`, `TASK_ID_`, `BYTEARRAY_ID_`, `DOUBLE_`, `LONG_`, `TEXT_`, `TEXT2_`) VALUES ('e4d2e784-93d8-11ee-8714-1e46bbe0a030', 1, 'integer', 'assignee1', 'e4bca051-93d8-11ee-8714-1e46bbe0a030', 'e4bc0409-93d8-11ee-8714-1e46bbe0a030', 'e4d24b3f-93d8-11ee-8714-1e46bbe0a030', NULL, NULL, 3, '3', NULL);
COMMIT;

-- ----------------------------
-- Table structure for biz_apply
-- ----------------------------
DROP TABLE IF EXISTS `biz_apply`;
CREATE TABLE `biz_apply` (
  `id` bigint(20) NOT NULL AUTO_INCREMENT COMMENT '主键',
  `title` varchar(255) NOT NULL COMMENT '标题',
  `user_id` bigint(20) NOT NULL COMMENT '申请人id',
  `type` tinyint(1) NOT NULL DEFAULT 0 COMMENT '类型:1-请假;2-出差;3...',
  `business_id` bigint(20) NOT NULL COMMENT '类型对应的业务id',
  `status` tinyint(1) NOT NULL DEFAULT 0 COMMENT '流程状态:0-进行中;1-已完成;2-已驳回;3-已撤销;',
  `def_key` varchar(128) NOT NULL COMMENT '流程(act_re_procdef表)key',
  `apply_time` datetime NOT NULL COMMENT '申请时间',
  `create_time` datetime NOT NULL DEFAULT current_timestamp() COMMENT '创建时间',
  `update_time` datetime NOT NULL DEFAULT current_timestamp() ON UPDATE current_timestamp() COMMENT '更新时间',
  PRIMARY KEY (`id`)
) ENGINE=InnoDB AUTO_INCREMENT=35 DEFAULT CHARSET=utf8mb4 COLLATE=utf8mb4_general_ci COMMENT='事项申请表';

-- ----------------------------
-- Records of biz_apply
-- ----------------------------
BEGIN;
INSERT INTO `biz_apply` (`id`, `title`, `user_id`, `type`, `business_id`, `status`, `def_key`, `apply_time`, `create_time`, `update_time`) VALUES (30, '出差申请流程-小明-2023-12-04', 2, 2, 38, 2, 'evection-apply', '2023-12-04 17:07:12', '2023-12-04 17:07:19', '2023-12-04 17:07:39');
INSERT INTO `biz_apply` (`id`, `title`, `user_id`, `type`, `business_id`, `status`, `def_key`, `apply_time`, `create_time`, `update_time`) VALUES (31, '出差申请流程-小明-2023-12-05', 2, 2, 39, 3, 'evection-apply', '2023-12-05 09:05:40', '2023-12-05 09:05:48', '2023-12-06 10:39:41');
INSERT INTO `biz_apply` (`id`, `title`, `user_id`, `type`, `business_id`, `status`, `def_key`, `apply_time`, `create_time`, `update_time`) VALUES (32, '出差申请流程-小明-2023-12-06', 2, 2, 40, 0, 'evection-apply', '2023-12-06 09:43:38', '2023-12-06 09:43:45', '2023-12-06 09:43:45');
INSERT INTO `biz_apply` (`id`, `title`, `user_id`, `type`, `business_id`, `status`, `def_key`, `apply_time`, `create_time`, `update_time`) VALUES (33, '请假申请流程-小明-2023-12-06', 2, 1, 39, 2, 'leave-apply', '2023-12-06 10:46:33', '2023-12-06 10:46:53', '2023-12-06 10:47:21');
INSERT INTO `biz_apply` (`id`, `title`, `user_id`, `type`, `business_id`, `status`, `def_key`, `apply_time`, `create_time`, `update_time`) VALUES (34, '出差申请流程-管理员-2023-12-07', 1, 2, 41, 0, 'evection-apply', '2023-12-07 10:40:50', '2023-12-07 10:40:57', '2023-12-07 10:40:57');
COMMIT;

-- ----------------------------
-- Table structure for biz_evection_apply
-- ----------------------------
DROP TABLE IF EXISTS `biz_evection_apply`;
CREATE TABLE `biz_evection_apply` (
  `id` bigint(20) NOT NULL AUTO_INCREMENT COMMENT '主键',
  `user_id` bigint(20) NOT NULL COMMENT '申请人id',
  `status` tinyint(1) NOT NULL DEFAULT 0 COMMENT '流程状态:0-进行中;1-已完成;2-驳回;',
  `reason` varchar(1024) DEFAULT NULL COMMENT '原因',
  `start_time` datetime NOT NULL COMMENT '开始时间',
  `end_time` datetime NOT NULL COMMENT '结束时间',
  `create_time` datetime NOT NULL DEFAULT current_timestamp() COMMENT '创建时间',
  `update_time` datetime NOT NULL DEFAULT current_timestamp() ON UPDATE current_timestamp() COMMENT '更新时间',
  PRIMARY KEY (`id`)
) ENGINE=InnoDB AUTO_INCREMENT=42 DEFAULT CHARSET=utf8mb4 COLLATE=utf8mb4_general_ci COMMENT='出差申请表';

-- ----------------------------
-- Records of biz_evection_apply
-- ----------------------------
BEGIN;
INSERT INTO `biz_evection_apply` (`id`, `user_id`, `status`, `reason`, `start_time`, `end_time`, `create_time`, `update_time`) VALUES (38, 2, 2, '1', '2023-12-02 00:00:00', '2023-12-29 00:00:00', '2023-12-04 17:07:19', '2023-12-04 17:07:39');
INSERT INTO `biz_evection_apply` (`id`, `user_id`, `status`, `reason`, `start_time`, `end_time`, `create_time`, `update_time`) VALUES (39, 2, 0, '1', '2023-12-01 00:00:00', '2023-12-06 00:00:00', '2023-12-05 09:05:48', '2023-12-05 09:05:48');
INSERT INTO `biz_evection_apply` (`id`, `user_id`, `status`, `reason`, `start_time`, `end_time`, `create_time`, `update_time`) VALUES (40, 2, 0, '1', '2023-12-01 00:00:00', '2023-12-28 00:00:00', '2023-12-06 09:43:45', '2023-12-06 09:43:45');
INSERT INTO `biz_evection_apply` (`id`, `user_id`, `status`, `reason`, `start_time`, `end_time`, `create_time`, `update_time`) VALUES (41, 1, 0, '1', '2023-12-01 00:00:00', '2023-12-14 00:00:00', '2023-12-07 10:40:57', '2023-12-07 10:40:57');
COMMIT;

-- ----------------------------
-- Table structure for biz_leave_apply
-- ----------------------------
DROP TABLE IF EXISTS `biz_leave_apply`;
CREATE TABLE `biz_leave_apply` (
  `id` bigint(20) NOT NULL AUTO_INCREMENT COMMENT '主键',
  `user_id` bigint(20) NOT NULL COMMENT '申请人id',
  `status` tinyint(1) NOT NULL DEFAULT 0 COMMENT '流程状态:0-进行中;1-已完成;2-驳回;',
  `reason` varchar(1024) DEFAULT NULL COMMENT '原因',
  `create_time` datetime NOT NULL DEFAULT current_timestamp() COMMENT '创建时间',
  `update_time` datetime NOT NULL DEFAULT current_timestamp() ON UPDATE current_timestamp() COMMENT '更新时间',
  PRIMARY KEY (`id`)
) ENGINE=InnoDB AUTO_INCREMENT=40 DEFAULT CHARSET=utf8mb4 COLLATE=utf8mb4_general_ci COMMENT='请假申请表';

-- ----------------------------
-- Records of biz_leave_apply
-- ----------------------------
BEGIN;
INSERT INTO `biz_leave_apply` (`id`, `user_id`, `status`, `reason`, `create_time`, `update_time`) VALUES (39, 2, 2, '请假申请。', '2023-12-06 10:46:53', '2023-12-06 10:47:21');
COMMIT;

-- ----------------------------
-- Table structure for biz_leave_apply_date
-- ----------------------------
DROP TABLE IF EXISTS `biz_leave_apply_date`;
CREATE TABLE `biz_leave_apply_date` (
  `id` bigint(20) NOT NULL AUTO_INCREMENT COMMENT '主键',
  `leave_apply_id` bigint(20) NOT NULL COMMENT '请假申请表id',
  `type` tinyint(1) NOT NULL COMMENT '类型:1-事假;2-病假;3-年假;4-丧假;5-产假;',
  `start_time` datetime NOT NULL COMMENT '开始时间',
  `end_time` datetime NOT NULL COMMENT '结束时间',
  `create_time` datetime NOT NULL DEFAULT current_timestamp() COMMENT '创建时间',
  `update_time` datetime NOT NULL DEFAULT current_timestamp() ON UPDATE current_timestamp() COMMENT '更新时间',
  PRIMARY KEY (`id`)
) ENGINE=InnoDB AUTO_INCREMENT=38 DEFAULT CHARSET=utf8mb4 COLLATE=utf8mb4_general_ci COMMENT='请假申请日期表';

-- ----------------------------
-- Records of biz_leave_apply_date
-- ----------------------------
BEGIN;
INSERT INTO `biz_leave_apply_date` (`id`, `leave_apply_id`, `type`, `start_time`, `end_time`, `create_time`, `update_time`) VALUES (36, 39, 1, '2023-12-06 09:00:00', '2023-12-20 18:00:00', '2023-12-06 10:46:53', '2023-12-06 10:46:53');
INSERT INTO `biz_leave_apply_date` (`id`, `leave_apply_id`, `type`, `start_time`, `end_time`, `create_time`, `update_time`) VALUES (37, 39, 3, '2023-12-26 09:00:00', '2023-12-29 18:00:00', '2023-12-06 10:46:53', '2023-12-06 10:46:53');
COMMIT;

-- ----------------------------
-- Table structure for sys_user
-- ----------------------------
DROP TABLE IF EXISTS `sys_user`;
CREATE TABLE `sys_user` (
  `id` bigint(20) NOT NULL AUTO_INCREMENT COMMENT '主键',
  `username` varchar(32) DEFAULT NULL COMMENT '用户名',
  `name` varchar(32) DEFAULT NULL COMMENT '用户名',
  `status` tinyint(4) DEFAULT 0 COMMENT '用户状态:0-正常;1-禁用',
  `create_time` datetime NOT NULL DEFAULT current_timestamp() COMMENT '创建时间',
  `update_time` datetime NOT NULL DEFAULT current_timestamp() ON UPDATE current_timestamp() COMMENT '更新时间',
  PRIMARY KEY (`id`)
) ENGINE=InnoDB AUTO_INCREMENT=4 DEFAULT CHARSET=utf8mb4 COLLATE=utf8mb4_general_ci COMMENT='用户信息表';

-- ----------------------------
-- Records of sys_user
-- ----------------------------
BEGIN;
INSERT INTO `sys_user` (`id`, `username`, `name`, `status`, `create_time`, `update_time`) VALUES (1, 'admin', '管理员', 0, '2023-11-15 17:03:07', '2023-11-15 17:03:07');
INSERT INTO `sys_user` (`id`, `username`, `name`, `status`, `create_time`, `update_time`) VALUES (2, 'user1', '小明', 0, '2023-11-15 17:03:07', '2023-11-15 17:03:07');
INSERT INTO `sys_user` (`id`, `username`, `name`, `status`, `create_time`, `update_time`) VALUES (3, 'user2', '小芳', 0, '2023-11-15 17:03:07', '2023-11-15 17:03:07');
COMMIT;

SET FOREIGN_KEY_CHECKS = 1;
